# wardCode	wardName	provinceCode	provinceName	lat	lng
10003	Xã Tây Phương	1	Thành phố Hà Nội	21.039597999999998	105.61183115204145
10015	Phường Chương Mỹ	1	Thành phố Hà Nội	20.925151999999997	105.70264724833079
10030	Xã Phú Nghĩa	1	Thành phố Hà Nội	20.9182295	105.63962841672057
10045	Xã Xuân Mai	1	Thành phố Hà Nội	20.86078	105.60261059172882
1006	Xã Yên Cường	8	Tỉnh Tuyên Quang	22.668732	105.36442128114479
10072	Xã Quảng Bị	1	Thành phố Hà Nội	20.871724999999998	105.69916286869625
10081	Xã Trần Phú	1	Thành phố Hà Nội	20.836936	105.66268142447268
10096	Xã Hòa Phú	1	Thành phố Hà Nội	20.832086500000003	105.72501019197138
10114	Xã Thanh Oai	1	Thành phố Hà Nội	20.844537000000003	105.76768164720195
1012	Xã Đường Hồng	8	Tỉnh Tuyên Quang	22.680183	105.46800659932467
10126	Xã Bình Minh	1	Thành phố Hà Nội	20.9048255	105.75766754701536
10144	Xã Tam Hưng	1	Thành phố Hà Nội	20.8784645	105.79334601332593
10180	Xã Dân Hòa	1	Thành phố Hà Nội	20.810673	105.79457563963683
10183	Xã Thường Tín	1	Thành phố Hà Nội	20.870017500000003	105.84457922663074
1021	Xã Hoàng Su Phì	8	Tỉnh Tuyên Quang	22.730685	104.67130513235294
10210	Xã Hồng Vân	1	Thành phố Hà Nội	20.8798765	105.89844253715685
10231	Xã Thượng Phúc	1	Thành phố Hà Nội	20.829831499999997	105.84782316277372
10237	Xã Chương Dương	1	Thành phố Hà Nội	20.835653999999998	105.898120092245
1024	Xã Bản Máy	8	Tỉnh Tuyên Quang	22.7983575	104.59308428860294
10273	Xã Phú Xuyên	1	Thành phố Hà Nội	20.763811500000003	105.92292182655648
10279	Xã Phượng Dực	1	Thành phố Hà Nội	20.7718975	105.84208740019633
103	Phường Tây Hồ	1	Thành phố Hà Nội	21.062052	105.81841333610703
1033	Xã Thàng Tín	8	Tỉnh Tuyên Quang	22.797634	104.68427989409369
10330	Xã Chuyên Mỹ	1	Thành phố Hà Nội	20.7155825	105.88122624795179
10342	Xã Đại Xuyên	1	Thành phố Hà Nội	20.697205	105.95331810680752
10354	Xã Vân Đình	1	Thành phố Hà Nội	20.7362045	105.77497882713513
10369	Xã Ứng Thiên	1	Thành phố Hà Nội	20.7734765	105.77071834707446
10402	Xã Ứng Hòa	1	Thành phố Hà Nội	20.692428	105.84046987012988
10417	Xã Hòa Xá	1	Thành phố Hà Nội	20.6671745	105.79974562499999
10441	Xã Mỹ Đức	1	Thành phố Hà Nội	20.6544885	105.69744319153294
10459	Xã Phúc Sơn	1	Thành phố Hà Nội	20.7813715	105.6839772457738
10465	Xã Hồng Sơn	1	Thành phố Hà Nội	20.715911	105.71499927148737
10489	Xã Hương Sơn	1	Thành phố Hà Nội	20.619903	105.75344373470364
10507	Phường Thành Đông	31	Thành phố Hải Phòng	20.960377	106.32625476923076
1051	Xã Tân Tiến	8	Tỉnh Tuyên Quang	22.745632	104.75667399755639
10525	Phường Hải Dương	31	Thành phố Hải Phòng	20.94153	106.34232507535793
10532	Phường Lê Thanh Nghị	31	Thành phố Hải Phòng	20.930216	106.31384178449596
10537	Phường Tân Hưng	31	Thành phố Hải Phòng	20.909869	106.33320905524641
10543	Phường Việt Hòa	31	Thành phố Hải Phòng	20.947619500000002	106.2733146277424
10546	Phường Chí Linh	31	Thành phố Hải Phòng	21.0963825	106.31615012653758
10549	Phường Chu Văn An	31	Thành phố Hải Phòng	21.0980925	106.37446589836043
10552	Phường Nguyễn Trãi	31	Thành phố Hải Phòng	21.190557499999997	106.44220042528735
1057	Xã Pờ Ly Ngài	8	Tỉnh Tuyên Quang	22.704655000000002	104.62793633333334
10570	Phường Trần Hưng Đạo	31	Thành phố Hải Phòng	21.1540575	106.36797645699832
10573	Phường Trần Nhân Tông	31	Thành phố Hải Phòng	21.122305	106.4500695882732
10603	Phường Lê Đại Hành	31	Thành phố Hải Phòng	21.054166000000002	106.39556411341553
10606	Xã Nam Sách	31	Thành phố Hải Phòng	20.985547	106.33765097918918
10615	Xã Hợp Tiến	31	Thành phố Hải Phòng	21.061642	106.3417016810345
10633	Xã Trần Phú	31	Thành phố Hải Phòng	21.030472500000002	106.32374225176166
10642	Xã Thái Tân	31	Thành phố Hải Phòng	20.992046000000002	106.28692120124481
10645	Xã An Phú	31	Thành phố Hải Phòng	21.008287	106.37257724248748
10660	Phường Ái Quốc	31	Thành phố Hải Phòng	20.948805	106.37802636160714
10675	Phường Kinh Môn	31	Thành phố Hải Phòng	20.9807	106.54726034022823
10678	Phường Bắc An Phụ	31	Thành phố Hải Phòng	21.047534	106.46172153385133
10705	Xã Nam An Phụ	31	Thành phố Hải Phòng	21.0146375	106.43515267329343
10714	Phường Nhị Chiểu	31	Thành phố Hải Phòng	21.03161	106.56401220659578
10726	Phường Phạm Sư Mạnh	31	Thành phố Hải Phòng	21.017754	106.51258510696772
10729	Phường Trần Liễu	31	Thành phố Hải Phòng	21.0044325	106.48698182328096
10744	Phường Nguyễn Đại Năng	31	Thành phố Hải Phòng	20.9572675	106.56809480173092
1075	Xã Nậm Dịch	8	Tỉnh Tuyên Quang	22.628749499999998	104.75829836900685
10750	Xã Phú Thái	31	Thành phố Hải Phòng	20.9578895	106.5168108295322
10756	Xã Lai Khê	31	Thành phố Hải Phòng	20.976594499999997	106.42506708664345
10792	Xã An Thành	31	Thành phố Hải Phòng	20.932398499999998	106.49960383667663
10804	Xã Kim Thành	31	Thành phố Hải Phòng	20.884571	106.51513306639501
10813	Xã Thanh Hà	31	Thành phố Hải Phòng	20.883010499999997	106.44350084645563
10816	Xã Hà Bắc	31	Thành phố Hải Phòng	20.941053	106.42084748176148
10837	Phường Nam Đồng	31	Thành phố Hải Phòng	20.9320115	106.36093953468247
1084	Xã Hồ Thầu	8	Tỉnh Tuyên Quang	22.602939	104.65516394621028
10843	Xã Hà Nam	31	Thành phố Hải Phòng	20.9127965	106.45801557166122
10846	Xã Hà Tây	31	Thành phố Hải Phòng	20.8808	106.40982981009267
10882	Xã Hà Đông	31	Thành phố Hải Phòng	20.8400755	106.47136202611301
10891	Phường Tứ Minh	31	Thành phố Hải Phòng	20.9192955	106.27092704087227
1090	Xã Thông Nguyên	8	Tỉnh Tuyên Quang	22.527341	104.74903125784199
10909	Xã Tuệ Tĩnh	31	Thành phố Hải Phòng	20.9741025	106.26453265430848
10930	Xã Mao Điền	31	Thành phố Hải Phòng	20.928990499999998	106.20043233853241
10945	Xã Kẻ Sặt	31	Thành phố Hải Phòng	20.910958	106.1812384255102
1096	Xã Pà Vầy Sủ	8	Tỉnh Tuyên Quang	22.667189999999998	104.43671680589227
10966	Xã Bình Giang	31	Thành phố Hải Phòng	20.873219	106.22496851936027
10972	Xã Đường An	31	Thành phố Hải Phòng	20.8769375	106.17111077455772
10993	Xã Thượng Hồng	31	Thành phố Hải Phòng	20.837023000000002	106.14591363004789
10999	Xã Gia Lộc	31	Thành phố Hải Phòng	20.8722885	106.30927239951833
11002	Phường Thạch Khôi	31	Thành phố Hải Phòng	20.9014205	106.29160512050535
11020	Xã Yết Kiêu	31	Thành phố Hải Phòng	20.870903	106.26069912483914
11050	Xã Gia Phúc	31	Thành phố Hải Phòng	20.828391500000002	106.29273692135067
11065	Xã Trường Tân	31	Thành phố Hải Phòng	20.8101205	106.26268030919039
11074	Xã Tứ Kỳ	31	Thành phố Hải Phòng	20.806679000000003	106.38644564667867
1108	Xã Xín Mần	8	Tỉnh Tuyên Quang	22.747658	104.52111838318086
11086	Xã Đại Sơn	31	Thành phố Hải Phòng	20.8640775	106.37299480892298
11113	Xã Tân Kỳ	31	Thành phố Hải Phòng	20.824624	106.33712435127636
11131	Xã Chí Minh	31	Thành phố Hải Phòng	20.818512	106.42807507805193
11140	Xã Lạc Phượng	31	Thành phố Hải Phòng	20.77419	106.4536381131399
11146	Xã Nguyên Giáp	31	Thành phố Hải Phòng	20.746597	106.44069677979911
11164	Xã Vĩnh Lại	31	Thành phố Hải Phòng	20.780368000000003	106.35750491722538
11167	Xã Tân An	31	Thành phố Hải Phòng	20.758907999999998	106.30973555528846
1117	Xã Trung Thịnh	8	Tỉnh Tuyên Quang	22.6883145	104.54833030967077
11203	Xã Ninh Giang	31	Thành phố Hải Phòng	20.7426315	106.38637438998833
11218	Xã Hồng Châu	31	Thành phố Hải Phòng	20.732350500000003	106.28157836819835
11224	Xã Khúc Thừa Dụ	31	Thành phố Hải Phòng	20.7338985	106.33403890864743
11239	Xã Thanh Miện	31	Thành phố Hải Phòng	20.767044	106.23208759256872
11242	Xã Nguyễn Lương Bằng	31	Thành phố Hải Phòng	20.838314	106.22867127897925
11254	Xã Bắc Thanh Miện	31	Thành phố Hải Phòng	20.7934135	106.20448426726887
11257	Xã Hải Hưng	31	Thành phố Hải Phòng	20.801973	106.15687820525243
11284	Xã Nam Thanh Miện	31	Thành phố Hải Phòng	20.719868499999997	106.24198869158879
11311	Phường Hồng Bàng	31	Thành phố Hải Phòng	20.867362999999997	106.65794950918368
11329	Phường Ngô Quyền	31	Thành phố Hải Phòng	20.86451	106.70124887139505
11359	Phường Gia Viên	31	Thành phố Hải Phòng	20.8445145	106.70065826470588
11383	Phường Lê Chân	31	Thành phố Hải Phòng	20.837832	106.68537240708245
11407	Phường An Biên	31	Thành phố Hải Phòng	20.835048999999998	106.67183800163399
1141	Xã Nấm Dẩn	8	Tỉnh Tuyên Quang	22.631457500000003	104.52072909300341
11411	Phường Đông Hải	31	Thành phố Hải Phòng	20.825972999999998	106.78144410813209
11413	Phường Hải An	31	Thành phố Hải Phòng	20.811342	106.7373486461907
1144	Xã Quảng Nguyên	8	Tỉnh Tuyên Quang	22.5895875	104.56991538137515
11443	Phường Kiến An	31	Thành phố Hải Phòng	20.823473999999997	106.65042220423143
11446	Phường Phù Liễn	31	Thành phố Hải Phòng	20.792748	106.63073190118645
11455	Phường Đồ Sơn	31	Thành phố Hải Phòng	20.7088255	106.78457973026315
1147	Xã Khuôn Lùng	8	Tỉnh Tuyên Quang	22.518755	104.51137598148148
11473	Phường Bạch Đằng	31	Thành phố Hải Phòng	20.9642505	106.72697475631716
11488	Phường Lưu Kiếm	31	Thành phố Hải Phòng	20.973627999999998	106.65779824287642
11503	Xã Việt Khê	31	Thành phố Hải Phòng	20.989462	106.59318713507662
11506	Phường Lê Ích Mộc	31	Thành phố Hải Phòng	20.95282	106.61642985719904
1153	Xã Bắc Quang	8	Tỉnh Tuyên Quang	22.417409	104.82952289867438
11533	Phường Hòa Bình	31	Thành phố Hải Phòng	20.93111	106.69931051124641
11542	Phường Nam Triệu	31	Thành phố Hải Phòng	20.9115385	106.74609015080992
11557	Phường Thiên Hương	31	Thành phố Hải Phòng	20.910245	106.64503585688145
1156	Xã Vĩnh Tuy	8	Tỉnh Tuyên Quang	22.250506	104.87557956328502
11560	Phường Thủy Nguyên	31	Thành phố Hải Phòng	20.891054500000003	106.69097787619636
11581	Phường An Dương	31	Thành phố Hải Phòng	20.8637565	106.59799581041668
11593	Phường An Phong	31	Thành phố Hải Phòng	20.8982615	106.55409121378092
11602	Phường Hồng An	31	Thành phố Hải Phòng	20.9158745	106.59345067251655
11617	Phường An Hải	31	Thành phố Hải Phòng	20.844430000000003	106.63924220644782
11629	Xã An Lão	31	Thành phố Hải Phòng	20.815569500000002	106.58574733119052
11635	Xã An Trường	31	Thành phố Hải Phòng	20.8479775	106.52543295818505
11647	Xã An Quang	31	Thành phố Hải Phòng	20.8107135	106.53397580940594
1165	Xã Đồng Tâm	8	Tỉnh Tuyên Quang	22.5021465	104.98347805067567
11668	Xã An Khánh	31	Thành phố Hải Phòng	20.777625	106.57949960599078
11674	Xã An Hưng	31	Thành phố Hải Phòng	20.749747	106.59703813636364
11680	Xã Kiến Thụy	31	Thành phố Hải Phòng	20.758474999999997	106.65471907976494
11689	Phường Hưng Đạo	31	Thành phố Hải Phòng	20.8044805	106.6847908129478
11692	Phường Dương Kinh	31	Thành phố Hải Phòng	20.7708895	106.73687463302542
1171	Xã Tân Quang	8	Tỉnh Tuyên Quang	22.544861500000003	104.85766135344826
11713	Xã Nghi Dương	31	Thành phố Hải Phòng	20.726277500000002	106.62895362785437
11725	Xã Kiến Minh	31	Thành phố Hải Phòng	20.7648765	106.68688963835297
11728	Xã Kiến Hưng	31	Thành phố Hải Phòng	20.715142	106.66421070779771
11737	Phường Nam Đồ Sơn	31	Thành phố Hải Phòng	20.7235115	106.74915831228523
11749	Xã Kiến Hải	31	Thành phố Hải Phòng	20.714888000000002	106.71000994266838
11755	Xã Tiên Lãng	31	Thành phố Hải Phòng	20.734007	106.54800197341568
11761	Xã Quyết Thắng	31	Thành phố Hải Phòng	20.783519	106.51650421774193
11779	Xã Tân Minh	31	Thành phố Hải Phòng	20.691596500000003	106.54948850204798
11791	Xã Tiên Minh	31	Thành phố Hải Phòng	20.6923665	106.61690298919393
118	Phường Bồ Đề	1	Thành phố Hà Nội	21.0511555	105.87585905317526
1180	Xã Bằng Hành	8	Tỉnh Tuyên Quang	22.4005335	104.94150699308453
11806	Xã Chấn Hưng	31	Thành phố Hải Phòng	20.648151	106.63144143433396
11809	Xã Hùng Thắng	31	Thành phố Hải Phòng	20.6557975	106.67549550874878
11824	Xã Vĩnh Bảo	31	Thành phố Hải Phòng	20.676814	106.47978596751122
11836	Xã Vĩnh Thịnh	31	Thành phố Hải Phòng	20.715220000000002	106.45785686410613
11842	Xã Vĩnh Thuận	31	Thành phố Hải Phòng	20.734619	106.49088811331902
11848	Xã Vĩnh Hòa	31	Thành phố Hải Phòng	20.6899375	106.43141843027571
11875	Xã Vĩnh Hải	31	Thành phố Hải Phòng	20.6342635	106.47940276913434
11887	Xã Vĩnh Am	31	Thành phố Hải Phòng	20.639444500000003	106.54828912493744
11911	Xã Nguyễn Bỉnh Khiêm	31	Thành phố Hải Phòng	20.652249	106.57220719806583
11914	Đặc khu Cát Hải	31	Thành phố Hải Phòng	20.811486	106.86657845668138
1192	Xã Liên Hiệp	8	Tỉnh Tuyên Quang	22.3787715	105.02665088433389
11948	Đặc khu Bạch Long Vĩ	31	Thành phố Hải Phòng	20.1345805	107.73229616322314
11953	Phường Phố Hiến	33	Tỉnh Hưng Yên	20.6666765	106.06836964109442
11977	Xã Tân Hưng	33	Tỉnh Hưng Yên	20.6441145	106.0948928213169
11980	Phường Hồng Châu	33	Tỉnh Hưng Yên	20.625663000000003	106.05723408009436
11983	Phường Sơn Nam	33	Tỉnh Hưng Yên	20.684233499999998	106.04731094903002
11992	Xã Lạc Đạo	33	Tỉnh Hưng Yên	20.978351	106.03689497409044
11995	Xã Đại Đồng	33	Tỉnh Hưng Yên	20.982173500000002	106.09502460982654
12004	Xã Như Quỳnh	33	Tỉnh Hưng Yên	20.96648	106.00706465767377
1201	Xã Hùng An	8	Tỉnh Tuyên Quang	22.331925	104.84059158277512
12019	Xã Văn Giang	33	Tỉnh Hưng Yên	20.924446	105.92860743938844
12025	Xã Phụng Công	33	Tỉnh Hưng Yên	20.956550999999997	105.92907369404352
12031	Xã Nghĩa Trụ	33	Tỉnh Hưng Yên	20.944944	105.97726919123669
12049	Xã Mễ Sở	33	Tỉnh Hưng Yên	20.89411	105.91929011894771
12064	Xã Nguyễn Văn Linh	33	Tỉnh Hưng Yên	20.9255685	106.0389983356681
12070	Xã Hoàn Long	33	Tỉnh Hưng Yên	20.903	105.99180544763654
12073	Xã Yên Mỹ	33	Tỉnh Hưng Yên	20.871965	106.05079286390533
12091	Xã Việt Yên	33	Tỉnh Hưng Yên	20.879935500000002	105.99611101861252
12103	Phường Mỹ Hào	33	Tỉnh Hưng Yên	20.9534895	106.07719462617811
12127	Phường Thượng Hồng	33	Tỉnh Hưng Yên	20.9339695	106.129456745671
12133	Phường Đường Hào	33	Tỉnh Hưng Yên	20.90334	106.1047351435445
12142	Xã Ân Thi	33	Tỉnh Hưng Yên	20.8249185	106.10135376388125
12148	Xã Phạm Ngũ Lão	33	Tỉnh Hưng Yên	20.869027	106.10813784576271
1216	Xã Đồng Yên	8	Tỉnh Tuyên Quang	22.22365	104.79310613533835
12166	Xã Xuân Trúc	33	Tỉnh Hưng Yên	20.826237	106.05890627478084
12184	Xã Nguyễn Trãi	33	Tỉnh Hưng Yên	20.7982505	106.12123822027948
12196	Xã Hồng Quang	33	Tỉnh Hưng Yên	20.7534285	106.12178512221041
12205	Xã Khoái Châu	33	Tỉnh Hưng Yên	20.817818	105.96949920301361
12223	Xã Triệu Việt Vương	33	Tỉnh Hưng Yên	20.8581615	105.97353277537184
12238	Xã Việt Tiến	33	Tỉnh Hưng Yên	20.824312	106.0188512171946
12247	Xã Châu Ninh	33	Tỉnh Hưng Yên	20.815148999999998	105.9260452178294
1225	Xã Tiên Nguyên	8	Tỉnh Tuyên Quang	22.4893355	104.68833211375386
12271	Xã Chí Minh	33	Tỉnh Hưng Yên	20.7780105	105.9872828442233
12280	Xã Lương Bằng	33	Tỉnh Hưng Yên	20.753274	106.06840065513411
12286	Xã Nghĩa Dân	33	Tỉnh Hưng Yên	20.777606	106.03246059189416
12313	Xã Đức Hợp	33	Tỉnh Hưng Yên	20.7294025	105.98263359633512
12322	Xã Hiệp Cường	33	Tỉnh Hưng Yên	20.725884	106.03089159385382
12337	Xã Hoàng Hoa Thám	33	Tỉnh Hưng Yên	20.6977455	106.1117683414498
1234	Xã Yên Thành	8	Tỉnh Tuyên Quang	22.431036499999998	104.52024325086266
12361	Xã Tiên Hoa	33	Tỉnh Hưng Yên	20.680992	106.16925539788463
12364	Xã Tiên Lữ	33	Tỉnh Hưng Yên	20.667265	106.14055823734176
1237	Xã Quang Bình	8	Tỉnh Tuyên Quang	22.4479545	104.57821866651786
12391	Xã Quang Hưng	33	Tỉnh Hưng Yên	20.747621000000002	106.19455384574468
12406	Xã Đoàn Đào	33	Tỉnh Hưng Yên	20.7385095	106.15210774551386
12424	Xã Tiên Tiến	33	Tỉnh Hưng Yên	20.696696	106.19884200087756
12427	Xã Tống Trân	33	Tỉnh Hưng Yên	20.673023	106.23550258268735
1243	Xã Tân Trịnh	8	Tỉnh Tuyên Quang	22.425797000000003	104.70952215520921
12452	Phường Trần Hưng Đạo	33	Tỉnh Hưng Yên	20.44931	106.31636324627493
12454	Phường Trần Lãm	33	Tỉnh Hưng Yên	20.4494395	106.38243271008923
1246	Xã Bằng Lang	8	Tỉnh Tuyên Quang	22.3616515	104.66446896697248
12466	Phường Vũ Phúc	33	Tỉnh Hưng Yên	20.415371999999998	106.3107317328629
12472	Xã Quỳnh Phụ	33	Tỉnh Hưng Yên	20.649808999999998	106.33885118995347
12499	Xã A Sào	33	Tỉnh Hưng Yên	20.696683999999998	106.38559011276013
12511	Xã Minh Thọ	33	Tỉnh Hưng Yên	20.686285499999997	106.33667587911904
12517	Xã Ngọc Lâm	33	Tỉnh Hưng Yên	20.678824	106.27528356991434
12523	Xã Phụ Dực	33	Tỉnh Hưng Yên	20.641509	106.42651400374169
12526	Xã Đồng Bằng	33	Tỉnh Hưng Yên	20.6522745	106.38230848415978
12532	Xã Nguyễn Du	33	Tỉnh Hưng Yên	20.646553	106.29450013132296
1255	Xã Xuân Giang	8	Tỉnh Tuyên Quang	22.29816	104.62264999315067
12577	Xã Quỳnh An	33	Tỉnh Hưng Yên	20.6127855	106.3598944683431
12583	Xã Tân Tiến	33	Tỉnh Hưng Yên	20.5982035	106.42492922255312
12586	Xã Hưng Hà	33	Tỉnh Hưng Yên	20.5838705	106.22979286517514
12595	Xã Ngự Thiên	33	Tỉnh Hưng Yên	20.6350955	106.18254917591466
1261	Xã Tiên Yên	8	Tỉnh Tuyên Quang	22.2810715	104.71993431581897
12613	Xã Long Hưng	33	Tỉnh Hưng Yên	20.616575	106.14075512107438
12619	Xã Diên Hà	33	Tỉnh Hưng Yên	20.6415005	106.25280017600926
12631	Xã Thần Khê	33	Tỉnh Hưng Yên	20.596257	106.28649149640492
12634	Xã Tiên La	33	Tỉnh Hưng Yên	20.60641	106.19947844513632
12676	Xã Lê Quý Đôn	33	Tỉnh Hưng Yên	20.563075	106.18093300693053
12685	Xã Hồng Minh	33	Tỉnh Hưng Yên	20.53561	106.21768962409223
12688	Xã Đông Hưng	33	Tỉnh Hưng Yên	20.5596065	106.35658447070205
12694	Xã Bắc Đông Hưng	33	Tỉnh Hưng Yên	20.578162499999998	106.40528172382025
127	Phường Việt Hưng	1	Thành phố Hà Nội	21.062756	105.9061071460882
12700	Xã Bắc Tiên Hưng	33	Tỉnh Hưng Yên	20.581034	106.31677122444773
1273	Phường Thục Phán	4	Tỉnh Cao Bằng	22.67631	106.18600691189624
12736	Xã Đông Tiên Hưng	33	Tỉnh Hưng Yên	20.548880500000003	106.31342903645833
12745	Xã Bắc Đông Quan	33	Tỉnh Hưng Yên	20.5361345	106.39216987428114
12754	Xã Tiên Hưng	33	Tỉnh Hưng Yên	20.5402815	106.26870683836995
12763	Xã Nam Tiên Hưng	33	Tỉnh Hưng Yên	20.5173085	106.30524425215677
12775	Xã Nam Đông Hưng	33	Tỉnh Hưng Yên	20.5100075	106.3714864350263
1279	Phường Nùng Trí Cao	4	Tỉnh Cao Bằng	22.687694	106.24894133620691
12793	Xã Đông Quan	33	Tỉnh Hưng Yên	20.5125725	106.41450699298596
12817	Phường Trà Lý	33	Tỉnh Hưng Yên	20.481119	106.35329338483966
12826	Xã Thái Thụy	33	Tỉnh Hưng Yên	20.564005	106.55909360887097
12850	Xã Tây Thụy Anh	33	Tỉnh Hưng Yên	20.5871415	106.47330905309278
12859	Xã Bắc Thụy Anh	33	Tỉnh Hưng Yên	20.596418	106.53115718918919
12862	Xã Đông Thụy Anh	33	Tỉnh Hưng Yên	20.6077305	106.60802449266703
12865	Xã Thụy Anh	33	Tỉnh Hưng Yên	20.5740045	106.50490157870831
1288	Phường Tân Giang	4	Tỉnh Cao Bằng	22.618098000000003	106.26905796874999
1290	Xã Bảo Lâm	4	Tỉnh Cao Bằng	22.832287	105.54884012363271
12904	Xã Nam Thụy Anh	33	Tỉnh Hưng Yên	20.553538	106.45971584393614
12916	Xã Bắc Thái Ninh	33	Tỉnh Hưng Yên	20.507205499999998	106.48200838204758
12919	Xã Tây Thái Ninh	33	Tỉnh Hưng Yên	20.5133595	106.4509216872473
12922	Xã Thái Ninh	33	Tỉnh Hưng Yên	20.529171	106.5529510401348
1294	Xã Lý Bôn	4	Tỉnh Cao Bằng	22.924719500000002	105.5256393236975
12943	Xã Đông Thái Ninh	33	Tỉnh Hưng Yên	20.491812	106.55065785
12961	Xã Nam Thái Ninh	33	Tỉnh Hưng Yên	20.473076	106.51034437451196
1297	Xã Nam Quang	4	Tỉnh Cao Bằng	22.916643999999998	105.41956354469973
12970	Xã Tiền Hải	33	Tỉnh Hưng Yên	20.4191675	106.50200580043621
12988	Xã Đông Tiền Hải	33	Tỉnh Hưng Yên	20.4415165	106.56017593393783
13003	Xã Đồng Châu	33	Tỉnh Hưng Yên	20.410622	106.58298258094801
13021	Xã Ái Quốc	33	Tỉnh Hưng Yên	20.37816	106.52690515177096
13039	Xã Tây Tiền Hải	33	Tỉnh Hưng Yên	20.3575845	106.48167954176648
1304	Xã Quảng Lâm	4	Tỉnh Cao Bằng	22.8554655	105.36567253632555
13057	Xã Nam Cường	33	Tỉnh Hưng Yên	20.354915499999997	106.56371935106466
13063	Xã Nam Tiền Hải	33	Tỉnh Hưng Yên	20.330045	106.50487587428839
13066	Xã Hưng Phú	33	Tỉnh Hưng Yên	20.2997355	106.57727036360663
13075	Xã Kiến Xương	33	Tỉnh Hưng Yên	20.3789705	106.44098590400003
13093	Xã Trà Giang	33	Tỉnh Hưng Yên	20.474136	106.45151281724941
13096	Xã Bình Nguyên	33	Tỉnh Hưng Yên	20.457878	106.4285788647896
13120	Xã Lê Lợi	33	Tỉnh Hưng Yên	20.4307765	106.4575621359991
13132	Xã Quang Lịch	33	Tỉnh Hưng Yên	20.4224285	106.41297171644297
13141	Xã Vũ Quý	33	Tỉnh Hưng Yên	20.402498	106.37687778833049
13159	Xã Hồng Vũ	33	Tỉnh Hưng Yên	20.365624	106.39025063570085
1318	Xã Yên Thổ	4	Tỉnh Cao Bằng	22.711856500000003	105.53086539246824
13183	Xã Bình Thanh	33	Tỉnh Hưng Yên	20.332283	106.42295558463908
13186	Xã Bình Định	33	Tỉnh Hưng Yên	20.320275	106.4607237051306
13192	Xã Vũ Thư	33	Tỉnh Hưng Yên	20.439121999999998	106.28430986592144
1321	Xã Bảo Lạc	4	Tỉnh Cao Bằng	22.9396855	105.63774334192318
13219	Xã Vạn Xuân	33	Tỉnh Hưng Yên	20.4868025	106.20882115634977
13222	Xã Thư Trì	33	Tỉnh Hưng Yên	20.488933	106.26050554957541
13225	Phường Thái Bình	33	Tỉnh Hưng Yên	20.479515499999998	106.31307850300527
1324	Xã Cốc Pàng	4	Tỉnh Cao Bằng	23.0458435	105.58793432613925
13246	Xã Tân Thuận	33	Tỉnh Hưng Yên	20.424471	106.24298045705521
13264	Xã Thư Vũ	33	Tỉnh Hưng Yên	20.3863415	106.34024801074219
1327	Xã Cô Ba	4	Tỉnh Cao Bằng	23.008722	105.72089426111297
13279	Xã Vũ Tiên	33	Tỉnh Hưng Yên	20.3585815	106.28681905365781
13285	Phường Phủ Lý	37	Tỉnh Ninh Bình	20.530766	105.93081692708783
13291	Phường Phù Vân	37	Tỉnh Ninh Bình	20.556883	105.90347340136988
13318	Phường Châu Sơn	37	Tỉnh Ninh Bình	20.507709	105.89081088542042
13324	Phường Duy Tiên	37	Tỉnh Ninh Bình	20.627353999999997	106.00318498674454
13330	Phường Duy Tân	37	Tỉnh Ninh Bình	20.667201	106.0075639299381
13336	Phường Duy Hà	37	Tỉnh Ninh Bình	20.646458	105.90543748814898
13348	Phường Đồng Văn	37	Tỉnh Ninh Bình	20.653253	105.93342419136599
1336	Xã Khánh Xuân	4	Tỉnh Cao Bằng	22.928665	105.7354928940946
13363	Phường Tiên Sơn	37	Tỉnh Ninh Bình	20.5989035	105.95931025840707
13366	Phường Hà Nam	37	Tỉnh Ninh Bình	20.583278999999997	105.94127405333333
13384	Phường Kim Bảng	37	Tỉnh Ninh Bình	20.585183	105.88071199114833
1339	Xã Xuân Trường	4	Tỉnh Cao Bằng	22.894012	105.81629866674209
13393	Phường Lê Hồ	37	Tỉnh Ninh Bình	20.6170515	105.86396890241176
13396	Phường Nguyễn Uý	37	Tỉnh Ninh Bình	20.6216905	105.82801641972478
13402	Phường Kim Thanh	37	Tỉnh Ninh Bình	20.616191	105.90054633298666
13420	Phường Tam Chúc	37	Tỉnh Ninh Bình	20.5531305	105.80085948634203
13435	Phường Lý Thường Kiệt	37	Tỉnh Ninh Bình	20.526813	105.86064509942545
13444	Phường Liêm Tuyền	37	Tỉnh Ninh Bình	20.540633	105.96563936531447
13456	Xã Liêm Hà	37	Tỉnh Ninh Bình	20.5047315	105.96502256514353
13474	Xã Tân Thanh	37	Tỉnh Ninh Bình	20.4769945	105.90559287508935
13483	Xã Thanh Bình	37	Tỉnh Ninh Bình	20.456925	105.96706273672719
13489	Xã Thanh Lâm	37	Tỉnh Ninh Bình	20.416929	105.89161272307945
13495	Xã Thanh Liêm	37	Tỉnh Ninh Bình	20.4307435	105.93099792557652
13501	Xã Bình Mỹ	37	Tỉnh Ninh Bình	20.4854505	106.00108956941317
13504	Xã Bình Lục	37	Tỉnh Ninh Bình	20.5479205	106.00623475061425
1351	Xã Hưng Đạo	4	Tỉnh Cao Bằng	22.836713500000002	105.68400394971997
13531	Xã Bình Giang	37	Tỉnh Ninh Bình	20.489259500000003	106.09028478888891
1354	Xã Huy Giáp	4	Tỉnh Cao Bằng	22.7930565	105.77170417532467
13540	Xã Bình An	37	Tỉnh Ninh Bình	20.490308	106.05436798131578
13558	Xã Bình Sơn	37	Tỉnh Ninh Bình	20.44029	106.00600017427846
13573	Xã Lý Nhân	37	Tỉnh Ninh Bình	20.599515500000003	106.00157087175059
13579	Xã Bắc Lý	37	Tỉnh Ninh Bình	20.584198	106.083252964323
13591	Xã Nam Xang	37	Tỉnh Ninh Bình	20.588578	106.04055834825327
13594	Xã Trần Thương	37	Tỉnh Ninh Bình	20.5472715	106.093057218523
13597	Xã Vĩnh Trụ	37	Tỉnh Ninh Bình	20.5491435	106.05049772940504
136	Phường Phúc Lợi	1	Thành phố Hà Nội	21.0415375	105.91778745674387
1360	Xã Sơn Lộ	4	Tỉnh Cao Bằng	22.729487499999998	105.66230669448991
13609	Xã Nhân Hà	37	Tỉnh Ninh Bình	20.5389845	106.13630331745684
13627	Xã Nam Lý	37	Tỉnh Ninh Bình	20.509247000000002	106.16469208949655
1363	Xã Thông Nông	4	Tỉnh Cao Bằng	22.7881955	106.00100413367002
1366	Xã Cần Yên	4	Tỉnh Cao Bằng	22.885433999999997	105.9242633404908
13669	Phường Nam Định	37	Tỉnh Ninh Bình	20.441787	106.16599168648338
13684	Phường Thiên Trường	37	Tỉnh Ninh Bình	20.4570735	106.20056719768502
13693	Phường Đông A	37	Tỉnh Ninh Bình	20.455638	106.13806298893806
13699	Phường Thành Nam	37	Tỉnh Ninh Bình	20.405925500000002	106.13055126267096
13708	Phường Mỹ Lộc	37	Tỉnh Ninh Bình	20.4499255	106.10574220674553
13741	Xã Vụ Bản	37	Tỉnh Ninh Bình	20.342675	106.0790833646789
13750	Xã Minh Tân	37	Tỉnh Ninh Bình	20.412650499999998	106.03482266556162
13753	Xã Hiển Khánh	37	Tỉnh Ninh Bình	20.406944000000003	106.08315900367018
13777	Phường Trường Thi	37	Tỉnh Ninh Bình	20.384827	106.14172607179401
13786	Xã Liên Minh	37	Tỉnh Ninh Bình	20.327059	106.13156825853366
13795	Xã Ý Yên	37	Tỉnh Ninh Bình	20.300162	105.99878181636598
13807	Xã Tân Minh	37	Tỉnh Ninh Bình	20.397869	105.96955452057574
13822	Xã Phong Doanh	37	Tỉnh Ninh Bình	20.359856	105.96602088225806
13834	Xã Vũ Dương	37	Tỉnh Ninh Bình	20.3349475	106.04306361636364
13864	Xã Vạn Thắng	37	Tỉnh Ninh Bình	20.296762	106.048889825
1387	Xã Thanh Long	4	Tỉnh Cao Bằng	22.7630165	105.9429576605122
13870	Xã Yên Cường	37	Tỉnh Ninh Bình	20.276905499999998	106.11006828796229
13879	Xã Yên Đồng	37	Tỉnh Ninh Bình	20.249366	106.06352890219976
13891	Xã Nghĩa Hưng	37	Tỉnh Ninh Bình	20.229833499999998	106.1556126304069
13894	Xã Rạng Đông	37	Tỉnh Ninh Bình	19.961824	106.13173335666048
13900	Xã Đồng Thịnh	37	Tỉnh Ninh Bình	20.2635265	106.14098102831159
13918	Xã Nghĩa Sơn	37	Tỉnh Ninh Bình	20.1537065	106.17139041197007
1392	Xã Trường Hà	4	Tỉnh Cao Bằng	22.909348	106.0212582197286
13927	Xã Hồng Phong	37	Tỉnh Ninh Bình	20.0846295	106.17677663172736
1393	Xã Lũng Nặm	4	Tỉnh Cao Bằng	22.931328999999998	106.10819249021353
13939	Xã Quỹ Nhất	37	Tỉnh Ninh Bình	20.032318	106.16379548051522
13957	Xã Nghĩa Lâm	37	Tỉnh Ninh Bình	20.012599	106.13084295089376
13966	Xã Nam Trực	37	Tỉnh Ninh Bình	20.3499775	106.20147397712579
13972	Phường Vị Khê	37	Tỉnh Ninh Bình	20.4076125	106.21149261641408
13984	Phường Hồng Quang	37	Tỉnh Ninh Bình	20.382132	106.1747559247449
13987	Xã Nam Hồng	37	Tỉnh Ninh Bình	20.362320500000003	106.24468667727723
14005	Xã Nam Ninh	37	Tỉnh Ninh Bình	20.307356499999997	106.23782471280992
14011	Xã Nam Minh	37	Tỉnh Ninh Bình	20.306537	106.19881439087628
14014	Xã Nam Đồng	37	Tỉnh Ninh Bình	20.286357000000002	106.17528644412607
14026	Xã Cổ Lễ	37	Tỉnh Ninh Bình	20.2971355	106.27456902376034
14038	Xã Ninh Giang	37	Tỉnh Ninh Bình	20.308647	106.30138808718488
14053	Xã Trực Ninh	37	Tỉnh Ninh Bình	20.2523525	106.22619800262345
14056	Xã Cát Thành	37	Tỉnh Ninh Bình	20.260088	106.27918851702034
14062	Xã Quang Hưng	37	Tỉnh Ninh Bình	20.2350255	106.20355978264058
14071	Xã Minh Thái	37	Tỉnh Ninh Bình	20.197917	106.23518393867963
14077	Xã Ninh Cường	37	Tỉnh Ninh Bình	20.1826155	106.19896166254125
14089	Xã Xuân Trường	37	Tỉnh Ninh Bình	20.2682885	106.33447552812072
14095	Xã Xuân Hồng	37	Tỉnh Ninh Bình	20.3366435	106.33055158410257
14104	Xã Xuân Giang	37	Tỉnh Ninh Bình	20.3123675	106.39806422227204
14122	Xã Xuân Hưng	37	Tỉnh Ninh Bình	20.2779295	106.36505684834003
1414	Xã Tổng Cọt	4	Tỉnh Cao Bằng	22.9408195	106.18201919136798
14161	Xã Giao Minh	37	Tỉnh Ninh Bình	20.2550295	106.56364466989164
14167	Xã Giao Thuỷ	37	Tỉnh Ninh Bình	20.271781	106.396307534904
14179	Xã Giao Hưng	37	Tỉnh Ninh Bình	20.240603	106.43090062325678
14182	Xã Giao Hoà	37	Tỉnh Ninh Bình	20.259067	106.52107983737864
14194	Xã Giao Bình	37	Tỉnh Ninh Bình	20.2346705	106.40435979226494
14203	Xã Giao Phúc	37	Tỉnh Ninh Bình	20.2441655	106.46005547800965
14212	Xã Giao Ninh	37	Tỉnh Ninh Bình	20.211544	106.37668339333233
14215	Xã Hải Hậu	37	Tỉnh Ninh Bình	20.203755	106.2846506182195
14218	Xã Hải Tiến	37	Tỉnh Ninh Bình	20.1310055	106.26477878463342
14221	Xã Hải Thịnh	37	Tỉnh Ninh Bình	20.064021	106.22286141167243
14236	Xã Hải Anh	37	Tỉnh Ninh Bình	20.193271	106.2567121858924
14248	Xã Hải Hưng	37	Tỉnh Ninh Bình	20.204058500000002	106.32645438764044
14281	Xã Hải An	37	Tỉnh Ninh Bình	20.137123000000003	106.2069072967119
14287	Xã Hải Quang	37	Tỉnh Ninh Bình	20.154147000000002	106.31028824119241
14308	Xã Hải Xuân	37	Tỉnh Ninh Bình	20.091227	106.2603941204589
14329	Phường Hoa Lư	37	Tỉnh Ninh Bình	20.267069499999998	105.95663377359958
14359	Phường Nam Hoa Lư	37	Tỉnh Ninh Bình	20.2147505	105.94052287120842
14362	Phường Tam Điệp	37	Tỉnh Ninh Bình	20.1620755	105.86743842353665
14365	Phường Trung Sơn	37	Tỉnh Ninh Bình	20.131816	105.90705888019428
14371	Phường Yên Sơn	37	Tỉnh Ninh Bình	20.19055	105.87578265865841
1438	Xã Hà Quảng	4	Tỉnh Cao Bằng	22.847874	106.14887539719626
14389	Xã Gia Lâm	37	Tỉnh Ninh Bình	20.4088365	105.777149390625
14401	Xã Gia Tường	37	Tỉnh Ninh Bình	20.3513895	105.77925881888633
14404	Xã Cúc Phương	37	Tỉnh Ninh Bình	20.299661999999998	105.6546431505647
14407	Xã Phú Sơn	37	Tỉnh Ninh Bình	20.3634035	105.73421075095237
14428	Xã Nho Quan	37	Tỉnh Ninh Bình	20.308824	105.7333981702454
14434	Xã Thanh Sơn	37	Tỉnh Ninh Bình	20.280181499999998	105.79035708403362
14452	Xã Quỳnh Lưu	37	Tỉnh Ninh Bình	20.239337499999998	105.81637806738603
14458	Xã Phú Long	37	Tỉnh Ninh Bình	20.212353999999998	105.76645210246762
14464	Xã Gia Viễn	37	Tỉnh Ninh Bình	20.373268500000002	105.85296045003892
1447	Xã Trà Lĩnh	4	Tỉnh Cao Bằng	22.786043	106.32925547287736
14482	Xã Gia Hưng	37	Tỉnh Ninh Bình	20.381653999999997	105.82390609482758
14488	Xã Gia Vân	37	Tỉnh Ninh Bình	20.3432575	105.891074815625
14494	Xã Gia Trấn	37	Tỉnh Ninh Bình	20.3566115	105.9204861242485
145	Phường Long Biên	1	Thành phố Hà Nội	21.0228265	105.89905952734443
14500	Xã Đại Hoàng	37	Tỉnh Ninh Bình	20.3199745	105.86615998968298
14524	Xã Gia Phong	37	Tỉnh Ninh Bình	20.300416	105.82629885023042
14533	Phường Tây Hoa Lư	37	Tỉnh Ninh Bình	20.263616	105.86893256455488
1456	Xã Quang Hán	4	Tỉnh Cao Bằng	22.833976999999997	106.26513193375854
14560	Xã Yên Khánh	37	Tỉnh Ninh Bình	20.1865615	106.05688511789961
14563	Xã Khánh Thiện	37	Tỉnh Ninh Bình	20.2221715	106.08793931027684
14566	Phường Đông Hoa Lư	37	Tỉnh Ninh Bình	20.224744	106.014896097813
14608	Xã Khánh Trung	37	Tỉnh Ninh Bình	20.1738195	106.14592733214866
14611	Xã Khánh Nhạc	37	Tỉnh Ninh Bình	20.153571	106.08434163722515
14614	Xã Khánh Hội	37	Tỉnh Ninh Bình	20.1728925	106.11029369433435
14620	Xã Phát Diệm	37	Tỉnh Ninh Bình	20.082158	106.09059015569562
14623	Xã Bình Minh	37	Tỉnh Ninh Bình	19.991781500000002	106.06410887043162
14638	Xã Kim Sơn	37	Tỉnh Ninh Bình	20.104677000000002	106.1229018416149
14647	Xã Quang Thiện	37	Tỉnh Ninh Bình	20.099669499999997	106.10433749820788
1465	Xã Quang Trung	4	Tỉnh Cao Bằng	22.834611000000002	106.39316174934726
14653	Xã Chất Bình	37	Tỉnh Ninh Bình	20.1217875	106.14210670857184
14674	Xã Lai Thành	37	Tỉnh Ninh Bình	20.084080999999998	106.0599884444402
14677	Xã Định Hóa	37	Tỉnh Ninh Bình	20.035519	106.08446960282386
14698	Xã Kim Đông	37	Tỉnh Ninh Bình	19.9499125	106.0684890620858
14701	Xã Yên Mô	37	Tỉnh Ninh Bình	20.163224	106.0013813427326
14725	Phường Yên Thắng	37	Tỉnh Ninh Bình	20.1616825	105.95452584437595
14728	Xã Yên Từ	37	Tỉnh Ninh Bình	20.135983	106.0403651046398
14743	Xã Yên Mạc	37	Tỉnh Ninh Bình	20.097863	106.0201143150912
14746	Xã Đồng Thái	37	Tỉnh Ninh Bình	20.1014255	105.96383766220238
14758	Phường Hàm Rồng	38	Tỉnh Thanh Hóa	19.8450395	105.770324471746
1477	Xã Trùng Khánh	4	Tỉnh Cao Bằng	22.838723	106.50241956029106
14797	Phường Hạc Thành	38	Tỉnh Thanh Hóa	19.79355	105.7809702775976
14812	Phường Bỉm Sơn	38	Tỉnh Thanh Hóa	20.0751255	105.90820067409342
14818	Phường Quang Trung	38	Tỉnh Thanh Hóa	20.093128	105.84927756486664
14845	Xã Mường Lát	38	Tỉnh Thanh Hóa	20.535484	104.53094221680067
14848	Xã Tam Chung	38	Tỉnh Thanh Hóa	20.575587	104.64414475244551
14854	Xã Mường Lý	38	Tỉnh Thanh Hóa	20.5641675	104.76604559972489
14857	Xã Trung Lý	38	Tỉnh Thanh Hóa	20.501071500000002	104.77349251732673
14860	Xã Quang Chiểu	38	Tỉnh Thanh Hóa	20.4628675	104.44812600347223
14863	Xã Pù Nhi	38	Tỉnh Thanh Hóa	20.459428	104.5634209558973
14864	Xã Nhi Sơn	38	Tỉnh Thanh Hóa	20.478378499999998	104.63675540501319
14866	Xã Mường Chanh	38	Tỉnh Thanh Hóa	20.403018	104.46658880544067
14869	Xã Hồi Xuân	38	Tỉnh Thanh Hóa	20.4020845	105.11570228186245
14872	Xã Trung Thành	38	Tỉnh Thanh Hóa	20.58192	104.91631494360902
14875	Xã Trung Sơn	38	Tỉnh Thanh Hóa	20.615831	104.84631827606515
14878	Xã Phú Lệ	38	Tỉnh Thanh Hóa	20.536337500000002	105.02819167872391
1489	Xã Đình Phong	4	Tỉnh Cao Bằng	22.889558	106.55924421232876
14890	Xã Phú Xuân	38	Tỉnh Thanh Hóa	20.462412	105.01981565720449
14896	Xã Hiền Kiệt	38	Tỉnh Thanh Hóa	20.4421925	104.83036867718447
14902	Xã Nam Xuân	38	Tỉnh Thanh Hóa	20.405431999999998	104.95659494334818
14908	Xã Thiên Phủ	38	Tỉnh Thanh Hóa	20.3628625	104.89018659471722
14923	Xã Bá Thước	38	Tỉnh Thanh Hóa	20.3751405	105.23032661878453
14932	Xã Điền Quang	38	Tỉnh Thanh Hóa	20.253678	105.26725201782939
14950	Xã Điền Lư	38	Tỉnh Thanh Hóa	20.31234	105.30809292273494
14953	Xã Quý Lương	38	Tỉnh Thanh Hóa	20.34132	105.36453020970836
14956	Xã Pù Luông	38	Tỉnh Thanh Hóa	20.46564	105.13714859508816
14959	Xã Cổ Lũng	38	Tỉnh Thanh Hóa	20.490080499999998	105.19155267047836
14974	Xã Văn Nho	38	Tỉnh Thanh Hóa	20.264946000000002	105.12808801905108
14980	Xã Thiết Ống	38	Tỉnh Thanh Hóa	20.278076	105.20035532694328
15001	Xã Trung Hạ	38	Tỉnh Thanh Hóa	20.3101395	105.03381786367403
15007	Xã Tam Thanh	38	Tỉnh Thanh Hóa	20.1871645	104.85381432768403
1501	Xã Đàm Thủy	4	Tỉnh Cao Bằng	22.836537	106.67328583411978
15010	Xã Sơn Thủy	38	Tỉnh Thanh Hóa	20.3429495	104.76066786432439
15013	Xã Na Mèo	38	Tỉnh Thanh Hóa	20.300715	104.66384925978352
15016	Xã Quan Sơn	38	Tỉnh Thanh Hóa	20.277684	104.93068899593622
15019	Xã Tam Lư	38	Tỉnh Thanh Hóa	20.187478499999997	104.96038242924718
15022	Xã Sơn Điện	38	Tỉnh Thanh Hóa	20.269527500000002	104.81203528969624
15025	Xã Mường Mìn	38	Tỉnh Thanh Hóa	20.2623775	104.73284349323112
15031	Xã Yên Khương	38	Tỉnh Thanh Hóa	20.1443675	105.02584510522175
15034	Xã Yên Thắng	38	Tỉnh Thanh Hóa	20.1476675	105.10807599382656
15043	Xã Giao An	38	Tỉnh Thanh Hóa	20.0645135	105.22983779511443
15049	Xã Văn Phú	38	Tỉnh Thanh Hóa	20.2229185	105.07308185779036
15055	Xã Linh Sơn	38	Tỉnh Thanh Hóa	20.113941	105.18658717920943
15058	Xã Đồng Lương	38	Tỉnh Thanh Hóa	20.186957	105.23108775824176
15061	Xã Ngọc Lặc	38	Tỉnh Thanh Hóa	20.1099665	105.33571475385071
15085	Xã Thạch Lập	38	Tỉnh Thanh Hóa	20.163466999999997	105.34268839639418
15091	Xã Ngọc Liên	38	Tỉnh Thanh Hóa	20.0763265	105.44527107969161
15106	Xã Nguyệt Ấn	38	Tỉnh Thanh Hóa	20.019600500000003	105.31589286877004
15112	Xã Kiên Thọ	38	Tỉnh Thanh Hóa	19.956387499999998	105.40375234384976
15124	Xã Minh Sơn	38	Tỉnh Thanh Hóa	20.035169	105.40409296211678
15127	Xã Cẩm Thủy	38	Tỉnh Thanh Hóa	20.1880005	105.48692637022756
15142	Xã Cẩm Thạch	38	Tỉnh Thanh Hóa	20.237912	105.35107019896671
15148	Xã Cẩm Tú	38	Tỉnh Thanh Hóa	20.270986999999998	105.44930030755579
15163	Xã Cẩm Vân	38	Tỉnh Thanh Hóa	20.129672499999998	105.48969891413552
15178	Xã Cẩm Tân	38	Tỉnh Thanh Hóa	20.161505	105.5600484948718
15187	Xã Kim Tân	38	Tỉnh Thanh Hóa	20.1495095	105.66144906986604
15190	Xã Vân Du	38	Tỉnh Thanh Hóa	20.1759845	105.72064257429301
15199	Xã Thạch Quảng	38	Tỉnh Thanh Hóa	20.320891500000002	105.49846018788344
15211	Xã Thạch Bình	38	Tỉnh Thanh Hóa	20.182245	105.6070385868488
15229	Xã Thành Vinh	38	Tỉnh Thanh Hóa	20.257451500000002	105.61065496326748
1525	Xã Đoài Dương	4	Tỉnh Cao Bằng	22.765667	106.51848559926471
15250	Xã Ngọc Trạo	38	Tỉnh Thanh Hóa	20.089077	105.73179842538975
15271	Xã Hà Trung	38	Tỉnh Thanh Hóa	19.993976500000002	105.83876189840637
15274	Xã Hà Long	38	Tỉnh Thanh Hóa	20.1019635	105.80689156288652
15286	Xã Hoạt Giang	38	Tỉnh Thanh Hóa	20.033459999999998	105.85601941196899
15298	Xã Lĩnh Toại	38	Tỉnh Thanh Hóa	19.999689	105.89435294047618
15316	Xã Tống Sơn	38	Tỉnh Thanh Hóa	20.016211	105.79367772499896
15349	Xã Vĩnh Lộc	38	Tỉnh Thanh Hóa	20.0553485	105.63918343819665
15361	Xã Tây Đô	38	Tỉnh Thanh Hóa	20.091906	105.59610864263445
1537	Xã Lý Quốc	4	Tỉnh Cao Bằng	22.788512500000003	106.76385829043235
15382	Xã Biện Thượng	38	Tỉnh Thanh Hóa	20.011229	105.72231098686004
15409	Xã Yên Phú	38	Tỉnh Thanh Hóa	20.0191255	105.51257258989352
15412	Xã Quý Lộc	38	Tỉnh Thanh Hóa	20.054833000000002	105.56008154299363
15421	Xã Yên Trường	38	Tỉnh Thanh Hóa	20.0192725	105.5856192567069
15442	Xã Yên Ninh	38	Tỉnh Thanh Hóa	19.980709500000003	105.5877415755964
15448	Xã Định Hòa	38	Tỉnh Thanh Hóa	19.953906	105.71066983341512
15457	Xã Định Tân	38	Tỉnh Thanh Hóa	19.98751	105.69223776906159
15469	Xã Yên Định	38	Tỉnh Thanh Hóa	19.9727825	105.64063503600072
15499	Xã Thọ Xuân	38	Tỉnh Thanh Hóa	19.924031499999998	105.50550597026086
15505	Xã Thọ Long	38	Tỉnh Thanh Hóa	19.9063005	105.55392992597766
1552	Xã Quang Long	4	Tỉnh Cao Bằng	22.7376005	106.68448992257461
15520	Xã Xuân Hòa	38	Tỉnh Thanh Hóa	19.925991	105.4702493079048
15544	Xã Lam Sơn	38	Tỉnh Thanh Hóa	19.9080355	105.39816310244638
15553	Xã Sao Vàng	38	Tỉnh Thanh Hóa	19.8750045	105.45389817542016
15568	Xã Thọ Lập	38	Tỉnh Thanh Hóa	19.9676235	105.46244475445027
15574	Xã Xuân Tín	38	Tỉnh Thanh Hóa	19.987066499999997	105.4878903032787
1558	Xã Hạ Lang	4	Tỉnh Cao Bằng	22.6474625	106.71330323329855
15592	Xã Xuân Lập	38	Tỉnh Thanh Hóa	19.9593255	105.54747649060636
15607	Xã Bát Mọt	38	Tỉnh Thanh Hóa	20.013928	105.00544356140351
1561	Xã Vinh Quý	4	Tỉnh Cao Bằng	22.6747865	106.61862512805612
15610	Xã Yên Nhân	38	Tỉnh Thanh Hóa	20.0203845	105.1268952130682
15622	Xã Vạn Xuân	38	Tỉnh Thanh Hóa	19.875531000000002	105.23176796521335
15628	Xã Lương Sơn	38	Tỉnh Thanh Hóa	19.969971	105.25138065074705
15634	Xã Luận Thành	38	Tỉnh Thanh Hóa	19.818554499999998	105.39299837010307
15643	Xã Thắng Lộc	38	Tỉnh Thanh Hóa	19.768891500000002	105.29989389722223
15646	Xã Thường Xuân	38	Tỉnh Thanh Hóa	19.898139	105.32661884531919
15658	Xã Xuân Chinh	38	Tỉnh Thanh Hóa	19.787122	105.20116566221374
15661	Xã Tân Thành	38	Tỉnh Thanh Hóa	19.7852325	105.36016002447269
15664	Xã Triệu Sơn	38	Tỉnh Thanh Hóa	19.835059	105.61452327005986
15667	Xã Thọ Bình	38	Tỉnh Thanh Hóa	19.8266055	105.46954228937224
15682	Xã Hợp Tiến	38	Tỉnh Thanh Hóa	19.7972665	105.55860628376851
15715	Xã Tân Ninh	38	Tỉnh Thanh Hóa	19.756240499999997	105.60990997254004
15724	Xã Đồng Tiến	38	Tỉnh Thanh Hóa	19.7672935	105.67537448215344
15754	Xã Thọ Ngọc	38	Tỉnh Thanh Hóa	19.855500499999998	105.52262922317513
1576	Xã Quảng Uyên	4	Tỉnh Cao Bằng	22.716441	106.40723040909091
15763	Xã Thọ Phú	38	Tỉnh Thanh Hóa	19.8544675	105.56767706194098
15766	Xã An Nông	38	Tỉnh Thanh Hóa	19.788415	105.64471078362959
15772	Xã Thiệu Hóa	38	Tỉnh Thanh Hóa	19.9070025	105.6701842701461
15778	Xã Thiệu Tiến	38	Tỉnh Thanh Hóa	19.924971	105.63666367713857
15796	Xã Thiệu Quang	38	Tỉnh Thanh Hóa	19.916622	105.73140309324751
15820	Xã Thiệu Toán	38	Tỉnh Thanh Hóa	19.8930445	105.61464071063244
15835	Xã Thiệu Trung	38	Tỉnh Thanh Hóa	19.8616755	105.66495830564024
15853	Phường Đông Tiến	38	Tỉnh Thanh Hóa	19.85109	105.71884849932644
15865	Xã Hoằng Hóa	38	Tỉnh Thanh Hóa	19.8659045	105.85950190403625
15880	Xã Hoằng Giang	38	Tỉnh Thanh Hóa	19.911611	105.77344638250884
15889	Xã Hoằng Phú	38	Tỉnh Thanh Hóa	19.9070465	105.80375552980794
15910	Xã Hoằng Sơn	38	Tỉnh Thanh Hóa	19.894438	105.82819017142748
15925	Phường Nguyệt Viên	38	Tỉnh Thanh Hóa	19.826272000000003	105.81589887578852
1594	Xã Độc Lập	4	Tỉnh Cao Bằng	22.718371	106.49086475864453
15961	Xã Hoằng Lộc	38	Tỉnh Thanh Hóa	19.805576000000002	105.85683550995024
15976	Xã Hoằng Châu	38	Tỉnh Thanh Hóa	19.8086755	105.88696843164638
15991	Xã Hoằng Tiến	38	Tỉnh Thanh Hóa	19.865233	105.92059471476509
160	Phường Nghĩa Đô	1	Thành phố Hà Nội	21.043467999999997	105.79356086248598
16000	Xã Hoằng Thanh	38	Tỉnh Thanh Hóa	19.823784	105.9140618802345
16012	Xã Hậu Lộc	38	Tỉnh Thanh Hóa	19.917014	105.87392031499436
16021	Xã Triệu Lộc	38	Tỉnh Thanh Hóa	19.9475505	105.81456718762551
16033	Xã Đông Thành	38	Tỉnh Thanh Hóa	19.958357499999998	105.87168586038962
16072	Xã Hoa Lộc	38	Tỉnh Thanh Hóa	19.925744	105.91813531337161
16078	Xã Vạn Lộc	38	Tỉnh Thanh Hóa	19.92913	105.94908064744378
16093	Xã Nga Sơn	38	Tỉnh Thanh Hóa	19.988129999999998	105.974300981557
16108	Xã Tân Tiến	38	Tỉnh Thanh Hóa	19.9957025	106.01648595952278
16114	Xã Nga Thắng	38	Tỉnh Thanh Hóa	19.980216	105.93939187323944
16138	Xã Hồ Vương	38	Tỉnh Thanh Hóa	20.026254	105.99749408870969
16144	Xã Nga An	38	Tỉnh Thanh Hóa	20.0422185	106.03535330773391
16171	Xã Ba Đình	38	Tỉnh Thanh Hóa	20.0373125	105.9433262344755
16174	Xã Như Xuân	38	Tỉnh Thanh Hóa	19.6559285	105.48609366158539
16177	Xã Xuân Bình	38	Tỉnh Thanh Hóa	19.529673	105.40698437579366
1618	Xã Hạnh Phúc	4	Tỉnh Cao Bằng	22.6249505	106.4151889954023
16186	Xã Hóa Quỳ	38	Tỉnh Thanh Hóa	19.6047815	105.4678482501314
16213	Xã Thanh Phong	38	Tỉnh Thanh Hóa	19.598338	105.32544941750503
16222	Xã Thanh Quân	38	Tỉnh Thanh Hóa	19.697573	105.25241647078488
16225	Xã Thượng Ninh	38	Tỉnh Thanh Hóa	19.703204999999997	105.39853555174406
16228	Xã Như Thanh	38	Tỉnh Thanh Hóa	19.656072	105.55245964473684
16234	Xã Xuân Du	38	Tỉnh Thanh Hóa	19.752734500000003	105.51125828602619
16249	Xã Mậu Lâm	38	Tỉnh Thanh Hóa	19.6873525	105.59723726128934
16258	Xã Xuân Thái	38	Tỉnh Thanh Hóa	19.5413245	105.51025326643598
16264	Xã Yên Thọ	38	Tỉnh Thanh Hóa	19.567484999999998	105.59183639166667
16273	Xã Thanh Kỳ	38	Tỉnh Thanh Hóa	19.444274999999998	105.59666932890624
16279	Xã Nông Cống	38	Tỉnh Thanh Hóa	19.632301	105.65853465457516
16297	Xã Trung Chính	38	Tỉnh Thanh Hóa	19.7208705	105.66888375003933
16309	Xã Thắng Lợi	38	Tỉnh Thanh Hóa	19.678410999999997	105.68062361792452
16342	Xã Thăng Bình	38	Tỉnh Thanh Hóa	19.5876895	105.66701249542683
16348	Xã Trường Văn	38	Tỉnh Thanh Hóa	19.619800499999997	105.72439561301371
1636	Xã Bế Văn Đàn	4	Tỉnh Cao Bằng	22.615308499999998	106.53368152464787
16363	Xã Tượng Lĩnh	38	Tỉnh Thanh Hóa	19.5642005	105.7047852516854
16369	Xã Công Chính	38	Tỉnh Thanh Hóa	19.527772499999998	105.66579403712872
16378	Phường Đông Sơn	38	Tỉnh Thanh Hóa	19.8186915	105.68835300967163
16417	Phường Đông Quang	38	Tỉnh Thanh Hóa	19.7676685	105.73496782142857
16438	Xã Lưu Vệ	38	Tỉnh Thanh Hóa	19.730989	105.79481965539887
1648	Xã Phục Hòa	4	Tỉnh Cao Bằng	22.521524999999997	106.53774781406709
16480	Xã Quảng Yên	38	Tỉnh Thanh Hóa	19.713226499999998	105.7411374038762
16489	Xã Quảng Chính	38	Tỉnh Thanh Hóa	19.633767499999998	105.78539477112741
16498	Xã Quảng Ngọc	38	Tỉnh Thanh Hóa	19.6683755	105.75181381885594
16516	Phường Nam Sầm Sơn	38	Tỉnh Thanh Hóa	19.7212945	105.84252099596107
16522	Phường Quảng Phú	38	Tỉnh Thanh Hóa	19.763923	105.81815997880949
16531	Phường Sầm Sơn	38	Tỉnh Thanh Hóa	19.7531645	105.8827726832472
1654	Xã Hòa An	4	Tỉnh Cao Bằng	22.7535955	106.19819903073501
16540	Xã Quảng Ninh	38	Tỉnh Thanh Hóa	19.7006185	105.80892867851745
16543	Xã Quảng Bình	38	Tỉnh Thanh Hóa	19.671141499999997	105.81162552989068
16549	Xã Tiên Trang	38	Tỉnh Thanh Hóa	19.6181925	105.81564829484725
16561	Phường Tĩnh Gia	38	Tỉnh Thanh Hóa	19.441965500000002	105.79157149666666
16576	Phường Ngọc Sơn	38	Tỉnh Thanh Hóa	19.583918	105.77381687149965
16591	Xã Các Sơn	38	Tỉnh Thanh Hóa	19.5267715	105.73156690684283
16594	Phường Tân Dân	38	Tỉnh Thanh Hóa	19.533493	105.78603069268078
16597	Phường Hải Lĩnh	38	Tỉnh Thanh Hóa	19.4894965	105.754944355644
166	Phường Cầu Giấy	1	Thành phố Hà Nội	21.029951500000003	105.7902543965605
1660	Xã Nam Tuấn	4	Tỉnh Cao Bằng	22.8015105	106.10882756103246
16609	Phường Đào Duy Từ	38	Tỉnh Thanh Hóa	19.434353	105.74318584130435
16624	Phường Trúc Lâm	38	Tỉnh Thanh Hóa	19.427356500000002	105.68220573076294
16636	Xã Trường Lâm	38	Tỉnh Thanh Hóa	19.349865	105.69011472698267
16645	Phường Hải Bình	38	Tỉnh Thanh Hóa	19.3741265	105.76267164749369
16654	Phường Nghi Sơn	38	Tỉnh Thanh Hóa	19.3167655	105.77628904046672
16681	Phường Thành Vinh	40	Tỉnh Nghệ An	18.6742815	105.66219942326057
16690	Phường Trường Vinh	40	Tỉnh Nghệ An	18.671768	105.70493962855883
16702	Phường Vinh Phú	40	Tỉnh Nghệ An	18.7233075	105.68682705179441
16708	Phường Vinh Lộc	40	Tỉnh Nghệ An	18.7253555	105.72652665112469
16732	Phường Cửa Lò	40	Tỉnh Nghệ An	18.7896405	105.72089210945015
16738	Xã Quế Phong	40	Tỉnh Nghệ An	19.644692999999997	104.83687640310077
16744	Xã Thông Thụ	40	Tỉnh Nghệ An	19.864970999999997	105.01715144495412
16750	Xã Tiền Phong	40	Tỉnh Nghệ An	19.6952095	104.9166022055175
16756	Xã Tri Lễ	40	Tỉnh Nghệ An	19.6116135	104.69293176349446
16774	Xã Mường Quàng	40	Tỉnh Nghệ An	19.5182145	104.8756364784202
16777	Xã Quỳ Châu	40	Tỉnh Nghệ An	19.577018	105.16301572023809
16792	Xã Châu Tiến	40	Tỉnh Nghệ An	19.644084499999998	105.07109974690508
16801	Xã Hùng Chân	40	Tỉnh Nghệ An	19.4369945	104.9550374870554
16804	Xã Châu Bình	40	Tỉnh Nghệ An	19.4870245	105.2102281641631
16813	Xã Mường Xén	40	Tỉnh Nghệ An	19.361904000000003	104.07827183333333
16816	Xã Mỹ Lý	40	Tỉnh Nghệ An	19.627101	104.34505527965251
16819	Xã Bắc Lý	40	Tỉnh Nghệ An	19.632890000000003	104.24449556777995
16822	Xã Keng Đu	40	Tỉnh Nghệ An	19.625493	104.10352389357206
16828	Xã Huồi Tụ	40	Tỉnh Nghệ An	19.522195	104.27569281516908
16831	Xã Mường Lống	40	Tỉnh Nghệ An	19.502996	104.36956934974359
16834	Xã Na Loi	40	Tỉnh Nghệ An	19.5719955	104.18089821955817
16837	Xã Nậm Cắn	40	Tỉnh Nghệ An	19.4733035	104.15305126858877
16849	Xã Hữu Kiệm	40	Tỉnh Nghệ An	19.405126000000003	104.25892008928199
16855	Xã Chiêu Lưu	40	Tỉnh Nghệ An	19.3745425	104.30305513760885
16858	Xã Mường Típ	40	Tỉnh Nghệ An	19.32189	103.96846238660714
16870	Xã Na Ngoi	40	Tỉnh Nghệ An	19.213305	104.19959100100604
16876	Xã Tương Dương	40	Tỉnh Nghệ An	19.2357545	104.39784853206831
16882	Xã Nhôn Mai	40	Tỉnh Nghệ An	19.563449	104.50461654958515
16885	Xã Hữu Khuông	40	Tỉnh Nghệ An	19.4768005	104.62584317477877
16903	Xã Nga My	40	Tỉnh Nghệ An	19.3150425	104.83704447791361
16906	Xã Lượng Minh	40	Tỉnh Nghệ An	19.3982505	104.4826121021032
16909	Xã Yên Hòa	40	Tỉnh Nghệ An	19.285551	104.68014737209302
16912	Xã Yên Na	40	Tỉnh Nghệ An	19.3703335	104.67677789667826
16933	Xã Tam Quang	40	Tỉnh Nghệ An	19.134520000000002	104.62351979989154
16936	Xã Tam Thái	40	Tỉnh Nghệ An	19.1786055	104.47848999222222
16939	Phường Thái Hòa	40	Tỉnh Nghệ An	19.3031425	105.43958866666667
16941	Xã Nghĩa Đàn	40	Tỉnh Nghệ An	19.3579015	105.46584102505076
16951	Xã Nghĩa Lâm	40	Tỉnh Nghệ An	19.423489500000002	105.46417889072711
16969	Xã Nghĩa Thọ	40	Tỉnh Nghệ An	19.358895	105.54665321292777
16972	Xã Nghĩa Hưng	40	Tỉnh Nghệ An	19.331488999999998	105.36126211076373
16975	Xã Nghĩa Mai	40	Tỉnh Nghệ An	19.4435445	105.33504373367029
1699	Xã Nguyễn Huệ	4	Tỉnh Cao Bằng	22.686276	106.30607732660846
17011	Phường Tây Hiếu	40	Tỉnh Nghệ An	19.296603	105.39843269731489
17017	Xã Đông Hiếu	40	Tỉnh Nghệ An	19.275605	105.48682020712252
17029	Xã Nghĩa Lộc	40	Tỉnh Nghệ An	19.219864	105.46330864018691
17032	Xã Nghĩa Khánh	40	Tỉnh Nghệ An	19.2396855	105.36396143731343
17035	Xã Quỳ Hợp	40	Tỉnh Nghệ An	19.30333	105.1956354610951
17044	Xã Châu Hồng	40	Tỉnh Nghệ An	19.4075785	105.07944730934344
17056	Xã Châu Lộc	40	Tỉnh Nghệ An	19.386638	105.18464332957083
17059	Xã Tam Hợp	40	Tỉnh Nghệ An	19.379689499999998	105.28595942207113
17071	Xã Minh Hợp	40	Tỉnh Nghệ An	19.271783	105.26632316489848
17077	Xã Mường Ham	40	Tỉnh Nghệ An	19.316874	105.05903886944319
1708	Xã Bạch Đằng	4	Tỉnh Cao Bằng	22.588202	106.15989450293426
17089	Xã Mường Chọng	40	Tỉnh Nghệ An	19.234631999999998	105.07928576538612
17110	Phường Hoàng Mai	40	Tỉnh Nghệ An	19.291016499999998	105.68703926085271
17125	Phường Quỳnh Mai	40	Tỉnh Nghệ An	19.222988	105.70528382952223
17128	Phường Tân Mai	40	Tỉnh Nghệ An	19.2741775	105.75704781345235
17143	Xã Quỳnh Văn	40	Tỉnh Nghệ An	19.216331	105.636361089779
17149	Xã Quỳnh Tam	40	Tỉnh Nghệ An	19.202779	105.52271115489185
17170	Xã Quỳnh Sơn	40	Tỉnh Nghệ An	19.173583999999998	105.59495232126304
17176	Xã Quỳnh Anh	40	Tỉnh Nghệ An	19.1744835	105.70392388467985
17179	Xã Quỳnh Lưu	40	Tỉnh Nghệ An	19.1386225	105.64245843508792
17212	Xã Quỳnh Phú	40	Tỉnh Nghệ An	19.110057	105.70109449530894
17224	Xã Quỳnh Thắng	40	Tỉnh Nghệ An	19.307403	105.5980675134208
17230	Xã Bình Chuẩn	40	Tỉnh Nghệ An	19.261726	104.9436514118141
17239	Xã Mậu Thạch	40	Tỉnh Nghệ An	19.125501	104.95614132230128
17242	Xã Cam Phục	40	Tỉnh Nghệ An	19.150298499999998	104.8433053981096
17248	Xã Châu Khê	40	Tỉnh Nghệ An	19.0334325	104.69587341453561
17254	Xã Con Cuông	40	Tỉnh Nghệ An	19.0473045	104.84039626921894
1726	Xã Nguyên Bình	4	Tỉnh Cao Bằng	22.6715015	105.98268091666668
17263	Xã Môn Sơn	40	Tỉnh Nghệ An	18.887885500000003	104.86070104366073
17266	Xã Tân Kỳ	40	Tỉnh Nghệ An	19.073869000000002	105.29155379240935
17272	Xã Tân Phú	40	Tỉnh Nghệ An	19.148316	105.28521994565219
17278	Xã Giai Xuân	40	Tỉnh Nghệ An	19.176281000000003	105.1920361644566
17284	Xã Nghĩa Đồng	40	Tỉnh Nghệ An	19.161003	105.3773551346154
17287	Xã Tiên Đồng	40	Tỉnh Nghệ An	19.123127	105.11231155
1729	Xã Tĩnh Túc	4	Tỉnh Cao Bằng	22.6960935	105.89236648957456
17305	Xã Tân An	40	Tỉnh Nghệ An	19.076965	105.17512584772729
17326	Xã Nghĩa Hành	40	Tỉnh Nghệ An	19.0231735	105.10144736748185
17329	Xã Anh Sơn	40	Tỉnh Nghệ An	18.8923965	105.05510654119442
17335	Xã Thành Bình Thọ	40	Tỉnh Nghệ An	19.0979045	105.02743026274538
17344	Xã Nhân Hòa	40	Tỉnh Nghệ An	19.005263	104.99038585629181
17357	Xã Vĩnh Tường	40	Tỉnh Nghệ An	18.943003500000003	105.02413430578947
17365	Xã Anh Sơn Đông	40	Tỉnh Nghệ An	18.9626275	105.17639330176178
1738	Xã Ca Thành	4	Tỉnh Cao Bằng	22.7269735	105.82837779181817
17380	Xã Yên Xuân	40	Tỉnh Nghệ An	18.905386	105.17561041281755
17395	Xã Hùng Châu	40	Tỉnh Nghệ An	19.1242505	105.56300195551754
17416	Xã Đức Châu	40	Tỉnh Nghệ An	19.034652	105.59408969400741
17419	Xã Hải Châu	40	Tỉnh Nghệ An	19.043111500000002	105.61755258197705
17443	Xã Quảng Châu	40	Tỉnh Nghệ An	19.019036999999997	105.54573791628904
17464	Xã Diễn Châu	40	Tỉnh Nghệ An	18.9881635	105.5927238824585
1747	Xã Minh Tâm	4	Tỉnh Cao Bằng	22.697830500000002	106.0713101722481
17476	Xã Minh Châu	40	Tỉnh Nghệ An	18.9618365	105.54399928527818
17479	Xã An Châu	40	Tỉnh Nghệ An	18.920234999999998	105.61132648852748
17488	Xã Tân Châu	40	Tỉnh Nghệ An	18.9048225	105.55771988285714
175	Phường Yên Hòa	1	Thành phố Hà Nội	21.014237	105.79538309497207
17506	Xã Yên Thành	40	Tỉnh Nghệ An	18.997059999999998	105.48393316171004
17515	Xã Bình Minh	40	Tỉnh Nghệ An	19.10574	105.50050255575646
17521	Xã Quang Đồng	40	Tỉnh Nghệ An	19.0440785	105.39035001328018
17524	Xã Giai Lạc	40	Tỉnh Nghệ An	19.0919455	105.43709446615384
17530	Xã Đông Thành	40	Tỉnh Nghệ An	19.051547999999997	105.5511150748726
17560	Xã Vân Du	40	Tỉnh Nghệ An	18.989098499999997	105.34150275295275
17569	Xã Quan Thành	40	Tỉnh Nghệ An	18.9777225	105.43675974483648
17605	Xã Hợp Minh	40	Tỉnh Nghệ An	18.929857	105.49490704998846
17611	Xã Vân Tụ	40	Tỉnh Nghệ An	18.933850999999997	105.4383952604712
17623	Xã Bạch Ngọc	40	Tỉnh Nghệ An	18.982939000000002	105.25333814066592
17641	Xã Lương Sơn	40	Tỉnh Nghệ An	18.946276	105.32230934622469
17662	Xã Đô Lương	40	Tỉnh Nghệ An	18.902597999999998	105.29714695894452
17677	Xã Văn Hiến	40	Tỉnh Nghệ An	18.8873935	105.40435219431998
1768	Xã Phan Thanh	4	Tỉnh Cao Bằng	22.607896500000003	105.80981891544477
17689	Xã Thuần Trung	40	Tỉnh Nghệ An	18.847839	105.31109008910005
17707	Xã Bạch Hà	40	Tỉnh Nghệ An	18.829756500000002	105.4385749564569
17713	Xã Đại Đồng	40	Tỉnh Nghệ An	18.799536500000002	105.3424660553478
17722	Xã Hạnh Lâm	40	Tỉnh Nghệ An	18.792247	105.04738994573643
17728	Xã Cát Ngạn	40	Tỉnh Nghệ An	18.855829999999997	105.24139278308128
1774	Xã Tam Kim	4	Tỉnh Cao Bằng	22.587521000000002	106.02471797000247
17743	Xã Tam Đồng	40	Tỉnh Nghệ An	18.8104095	105.24520107922669
17759	Xã Sơn Lâm	40	Tỉnh Nghệ An	18.722920000000002	105.15448466390728
1777	Xã Thành Công	4	Tỉnh Cao Bằng	22.567677500000002	105.87753040816327
17770	Xã Hoa Quân	40	Tỉnh Nghệ An	18.730984499999998	105.29294971314945
17779	Xã Xuân Lâm	40	Tỉnh Nghệ An	18.728242	105.40651867388132
17791	Xã Kim Bảng	40	Tỉnh Nghệ An	18.661341999999998	105.27393485367244
17818	Xã Bích Hào	40	Tỉnh Nghệ An	18.6340345	105.4177913875969
17827	Xã Nghi Lộc	40	Tỉnh Nghệ An	18.763182	105.63393473172594
17833	Xã Hải Lộc	40	Tỉnh Nghệ An	18.862229499999998	105.65252351369864
17842	Xã Thần Lĩnh	40	Tỉnh Nghệ An	18.829634	105.59626862876169
17854	Xã Văn Kiều	40	Tỉnh Nghệ An	18.838676	105.5016909706191
17857	Xã Phúc Lộc	40	Tỉnh Nghệ An	18.806731499999998	105.55217134385246
1786	Xã Đông Khê	4	Tỉnh Cao Bằng	22.416925499999998	106.35982949527585
17866	Xã Trung Lộc	40	Tỉnh Nghệ An	18.820560999999998	105.65998314814814
17878	Xã Đông Lộc	40	Tỉnh Nghệ An	18.7880905	105.68532354840849
1789	Xã Canh Tân	4	Tỉnh Cao Bằng	22.5053975	106.27449636812467
1792	Xã Kim Đồng	4	Tỉnh Cao Bằng	22.5270895	106.3500448532393
17920	Phường Vinh Hưng	40	Tỉnh Nghệ An	18.72508	105.65100022895928
17935	Xã Nam Đàn	40	Tỉnh Nghệ An	18.7485855	105.46183886491411
17944	Xã Đại Huệ	40	Tỉnh Nghệ An	18.726866	105.54315615389726
1795	Xã Minh Khai	4	Tỉnh Cao Bằng	22.4757995	106.17480971488763
17950	Xã Vạn An	40	Tỉnh Nghệ An	18.684994	105.47864903935726
17971	Xã Kim Liên	40	Tỉnh Nghệ An	18.6724055	105.55393174590938
17989	Xã Thiên Nhẫn	40	Tỉnh Nghệ An	18.598851000000003	105.56380050369458
18001	Xã Hưng Nguyên	40	Tỉnh Nghệ An	18.682789999999997	105.62169252158556
18007	Xã Yên Trung	40	Tỉnh Nghệ An	18.758504	105.5915873773842
18028	Xã Hưng Nguyên Nam	40	Tỉnh Nghệ An	18.612175	105.60600667971246
18040	Xã Lam Thành	40	Tỉnh Nghệ An	18.6141455	105.65619289525529
1807	Xã Thạch An	4	Tỉnh Cao Bằng	22.488905	106.40933674619572
18073	Phường Thành Sen	42	Tỉnh Hà Tĩnh	18.339323999999998	105.89088145140666
18100	Phường Trần Phú	42	Tỉnh Hà Tĩnh	18.3846865	105.9010503574018
18115	Phường Bắc Hồng Lĩnh	42	Tỉnh Hà Tĩnh	18.560952999999998	105.69237397851003
18118	Phường Nam Hồng Lĩnh	42	Tỉnh Hà Tĩnh	18.521908500000002	105.71407066034521
18133	Xã Hương Sơn	42	Tỉnh Hà Tĩnh	18.5121885	105.45065193134866
18160	Xã Sơn Hồng	42	Tỉnh Hà Tĩnh	18.563531	105.23730383009709
18163	Xã Sơn Tiến	42	Tỉnh Hà Tĩnh	18.57321	105.46485379418007
18172	Xã Sơn Tây	42	Tỉnh Hà Tĩnh	18.4526675	105.36650648130443
18184	Xã Sơn Giang	42	Tỉnh Hà Tĩnh	18.53031	105.38856973820754
18196	Xã Sơn Kim 1	42	Tỉnh Hà Tĩnh	18.4221075	105.17112080893013
18199	Xã Sơn Kim 2	42	Tỉnh Hà Tĩnh	18.365326	105.2777030517781
18202	Xã Tứ Mỹ	42	Tỉnh Hà Tĩnh	18.521279	105.52164716231488
1822	Xã Đức Long	4	Tỉnh Cao Bằng	22.4386185	106.51438046958555
18223	Xã Kim Hoa	42	Tỉnh Hà Tĩnh	18.4618885	105.44138188884993
18229	Xã Đức Thọ	42	Tỉnh Hà Tĩnh	18.502992499999998	105.57866205434782
18244	Xã Đức Minh	42	Tỉnh Hà Tĩnh	18.552378500000003	105.58067745241871
18262	Xã Đức Quang	42	Tỉnh Hà Tĩnh	18.5445585	105.64249677725857
18277	Xã Đức Thịnh	42	Tỉnh Hà Tĩnh	18.4781725	105.62899983200354
18304	Xã Đức Đồng	42	Tỉnh Hà Tĩnh	18.4334685	105.58073454630829
18313	Xã Vũ Quang	42	Tỉnh Hà Tĩnh	18.301083499999997	105.39931980192061
18322	Xã Mai Hoa	42	Tỉnh Hà Tĩnh	18.4436405	105.515334732674
18328	Xã Thượng Đức	42	Tỉnh Hà Tĩnh	18.395654	105.57662162338268
18352	Xã Nghi Xuân	42	Tỉnh Hà Tĩnh	18.609080499999997	105.72541429386648
18364	Xã Đan Hải	42	Tỉnh Hà Tĩnh	18.716939500000002	105.77081741864504
18373	Xã Tiên Điền	42	Tỉnh Hà Tĩnh	18.637659	105.78393493072448
18394	Xã Cổ Đạm	42	Tỉnh Hà Tĩnh	18.575946000000002	105.80030954741915
1840	Phường Đức Xuân	19	Tỉnh Thái Nguyên	22.1697575	105.84955568953745
18406	Xã Can Lộc	42	Tỉnh Hà Tĩnh	18.484386999999998	105.75455956352262
18409	Xã Hồng Lộc	42	Tỉnh Hà Tĩnh	18.502068	105.83562573789294
18418	Xã Tùng Lộc	42	Tỉnh Hà Tĩnh	18.492176999999998	105.7991684323716
1843	Phường Bắc Kạn	19	Tỉnh Thái Nguyên	22.109066	105.85971574999999
18436	Xã Trường Lưu	42	Tỉnh Hà Tĩnh	18.450865999999998	105.66053171456693
18466	Xã Gia Hanh	42	Tỉnh Hà Tĩnh	18.4338525	105.70240657455838
18481	Xã Xuân Lộc	42	Tỉnh Hà Tĩnh	18.3817745	105.7773474204752
18484	Xã Đồng Lộc	42	Tỉnh Hà Tĩnh	18.3876065	105.71927182573582
1849	Xã Phong Quang	19	Tỉnh Thái Nguyên	22.2105515	105.75437296055347
18496	Xã Hương Khê	42	Tỉnh Hà Tĩnh	18.150810999999997	105.56717139488637
18502	Xã Hà Linh	42	Tỉnh Hà Tĩnh	18.328156999999997	105.67280255207899
18523	Xã Hương Bình	42	Tỉnh Hà Tĩnh	18.24499	105.56429729521068
18532	Xã Hương Phố	42	Tỉnh Hà Tĩnh	18.2369065	105.73327112362134
18544	Xã Hương Xuân	42	Tỉnh Hà Tĩnh	18.0846965	105.65462914640128
18547	Xã Phúc Trạch	42	Tỉnh Hà Tĩnh	18.093258	105.83004920942118
18550	Xã Hương Đô	42	Tỉnh Hà Tĩnh	18.174504	105.78828953174023
18562	Xã Thạch Hà	42	Tỉnh Hà Tĩnh	18.3873935	105.85364083367165
18568	Xã Lộc Hà	42	Tỉnh Hà Tĩnh	18.4865385	105.87870464911063
18583	Xã Mai Phụ	42	Tỉnh Hà Tĩnh	18.439742	105.87837226839237
18586	Xã Đông Kinh	42	Tỉnh Hà Tĩnh	18.4305455	105.82467457773492
18601	Xã Việt Xuyên	42	Tỉnh Hà Tĩnh	18.369991499999998	105.80454050216083
18604	Xã Thạch Khê	42	Tỉnh Hà Tĩnh	18.4192745	105.94291755408466
18619	Xã Đồng Tiến	42	Tỉnh Hà Tĩnh	18.3434515	105.99609526331331
18628	Xã Thạch Lạc	42	Tỉnh Hà Tĩnh	18.3565025	105.95124630943367
18634	Xã Toàn Lưu	42	Tỉnh Hà Tĩnh	18.3197035	105.79896950653549
1864	Xã Bằng Thành	19	Tỉnh Thái Nguyên	22.658618500000003	105.66575115406594
18652	Phường Hà Huy Tập	42	Tỉnh Hà Tĩnh	18.308909	105.88472710526946
18667	Xã Thạch Xuân	42	Tỉnh Hà Tĩnh	18.242326	105.86255633122363
18673	Xã Cẩm Xuyên	42	Tỉnh Hà Tĩnh	18.216872000000002	105.97566480555555
18676	Xã Thiên Cầm	42	Tỉnh Hà Tĩnh	18.269092999999998	106.06360913244048
18682	Xã Yên Hòa	42	Tỉnh Hà Tĩnh	18.308646	106.02430146743788
18685	Xã Cẩm Bình	42	Tỉnh Hà Tĩnh	18.292392	105.94556788827452
18736	Xã Cẩm Hưng	42	Tỉnh Hà Tĩnh	18.1449745	106.02498288349456
18739	Xã Cẩm Duệ	42	Tỉnh Hà Tĩnh	18.1707205	105.91437937766203
18742	Xã Cẩm Trung	42	Tỉnh Hà Tĩnh	18.2365295	106.10848456960642
18748	Xã Cẩm Lạc	42	Tỉnh Hà Tĩnh	18.159677000000002	106.08983084587554
18754	Phường Sông Trí	42	Tỉnh Hà Tĩnh	18.042638	106.3207442302168
18766	Xã Kỳ Xuân	42	Tỉnh Hà Tĩnh	18.2003685	106.15604099054437
18775	Xã Kỳ Anh	42	Tỉnh Hà Tĩnh	18.184911999999997	106.22830294827153
18781	Phường Hải Ninh	42	Tỉnh Hà Tĩnh	18.117055999999998	106.32918602327746
18787	Xã Kỳ Văn	42	Tỉnh Hà Tĩnh	18.097465999999997	106.19075125
1879	Xã Cao Minh	19	Tỉnh Thái Nguyên	22.576755499999997	105.60794917653757
18790	Xã Kỳ Khang	42	Tỉnh Hà Tĩnh	18.134179	106.26146627520188
18814	Xã Kỳ Hoa	42	Tỉnh Hà Tĩnh	18.0291865	106.2543327283507
1882	Xã Nghiên Loan	19	Tỉnh Thái Nguyên	22.558048999999997	105.72463738003015
18823	Phường Vũng Áng	42	Tỉnh Hà Tĩnh	18.05349	106.38673043915603
18832	Phường Hoành Sơn	42	Tỉnh Hà Tĩnh	18.0047635	106.43025314541603
18838	Xã Kỳ Lạc	42	Tỉnh Hà Tĩnh	17.997652000000002	106.22350102641823
18844	Xã Kỳ Thượng	42	Tỉnh Hà Tĩnh	18.020467500000002	106.0965777137224
18859	Phường Đồng Thuận	44	Tỉnh Quảng Trị	17.495390999999998	106.5884660890298
18871	Phường Đồng Sơn	44	Tỉnh Quảng Trị	17.430326	106.56007256386862
18880	Phường Đồng Hới	44	Tỉnh Quảng Trị	17.4562055	106.6251697036198
18901	Xã Minh Hóa	44	Tỉnh Quảng Trị	17.858382	105.95287546577575
18904	Xã Dân Hóa	44	Tỉnh Quảng Trị	17.814069	105.75629902457217
18919	Xã Tân Thành	44	Tỉnh Quảng Trị	17.8900065	105.82829756352717
18922	Xã Kim Điền	44	Tỉnh Quảng Trị	17.756533	105.86846016846187
1894	Xã Phúc Lộc	19	Tỉnh Thái Nguyên	22.470602	105.82596498134328
18943	Xã Kim Phú	44	Tỉnh Quảng Trị	17.662552499999997	105.9948878366574
18949	Xã Đồng Lê	44	Tỉnh Quảng Trị	17.931607999999997	105.9895009873573
18952	Xã Tuyên Sơn	44	Tỉnh Quảng Trị	18.020182	105.88458890435533
18958	Xã Tuyên Lâm	44	Tỉnh Quảng Trị	17.96439	105.74259632285505
18985	Xã Tuyên Phú	44	Tỉnh Quảng Trị	17.8640385	106.11772314476615
18991	Xã Tuyên Bình	44	Tỉnh Quảng Trị	17.865021499999997	106.21867927073171
18997	Xã Tuyên Hóa	44	Tỉnh Quảng Trị	17.782564999999998	106.19933109923446
190	Phường Ô Chợ Dừa	1	Thành phố Hà Nội	21.0227505	105.82562288116591
19009	Phường Ba Đồn	44	Tỉnh Quảng Trị	17.769431500000003	106.42330060576923
19021	Xã Phú Trạch	44	Tỉnh Quảng Trị	17.933658	106.39380116958267
19030	Xã Trung Thuần	44	Tỉnh Quảng Trị	17.843319	106.35320980482987
19033	Xã Hòa Trạch	44	Tỉnh Quảng Trị	17.8828505	106.37577462025948
19051	Xã Tân Gianh	44	Tỉnh Quảng Trị	17.7873165	106.30766150106534
19057	Xã Quảng Trạch	44	Tỉnh Quảng Trị	17.811700000000002	106.42446864616387
1906	Xã Ba Bể	19	Tỉnh Thái Nguyên	22.4388565	105.61884373037975
19066	Phường Bắc Gianh	44	Tỉnh Quảng Trị	17.740655	106.44679204777206
19075	Xã Nam Ba Đồn	44	Tỉnh Quảng Trị	17.7318745	106.3073431484415
19093	Xã Nam Gianh	44	Tỉnh Quảng Trị	17.7128085	106.38072318755036
19111	Xã Hoàn Lão	44	Tỉnh Quảng Trị	17.570816	106.51275514877301
1912	Xã Chợ Rã	19	Tỉnh Thái Nguyên	22.4350095	105.73061154276897
19126	Xã Bắc Trạch	44	Tỉnh Quảng Trị	17.683194	106.44326742563428
19138	Xã Phong Nha	44	Tỉnh Quảng Trị	17.6172735	106.29634583029025
19141	Xã Bố Trạch	44	Tỉnh Quảng Trị	17.5224145	106.38856701005258
19147	Xã Thượng Trạch	44	Tỉnh Quảng Trị	17.448619	106.20494354935863
19159	Xã Đông Trạch	44	Tỉnh Quảng Trị	17.631101	106.49595903899228
19198	Xã Nam Trạch	44	Tỉnh Quảng Trị	17.474778	106.49380406601918
19204	Xã Trường Sơn	44	Tỉnh Quảng Trị	17.2527485	106.47555323716716
19207	Xã Quảng Ninh	44	Tỉnh Quảng Trị	17.390449500000003	106.61616536619809
1921	Xã Thượng Minh	19	Tỉnh Thái Nguyên	22.354163	105.8102699557962
19225	Xã Ninh Châu	44	Tỉnh Quảng Trị	17.35362	106.6965921857585
19237	Xã Trường Ninh	44	Tỉnh Quảng Trị	17.2944425	106.67394407250927
19246	Xã Lệ Ninh	44	Tỉnh Quảng Trị	17.237116	106.68993276162792
19249	Xã Lệ Thủy	44	Tỉnh Quảng Trị	17.233781999999998	106.77114922047885
19255	Xã Cam Hồng	44	Tỉnh Quảng Trị	17.274010500000003	106.79785627542373
19288	Xã Sen Ngư	44	Tỉnh Quảng Trị	17.165651500000003	106.9364323383598
19291	Xã Tân Mỹ	44	Tỉnh Quảng Trị	17.152328500000003	106.85563182378101
19309	Xã Trường Phú	44	Tỉnh Quảng Trị	17.163663	106.77204053451793
19318	Xã Kim Ngân	44	Tỉnh Quảng Trị	17.0869935	106.66106573631342
1933	Xã Đồng Phúc	19	Tỉnh Thái Nguyên	22.309503499999998	105.70354155733945
19333	Phường Đông Hà	44	Tỉnh Quảng Trị	16.8028785	107.06698270022815
19351	Phường Nam Đông Hà	44	Tỉnh Quảng Trị	16.802759000000002	107.11450117146975
1936	Xã Nà Phặc	19	Tỉnh Thái Nguyên	22.4041395	105.90539650887979
19360	Phường Quảng Trị	44	Tỉnh Quảng Trị	16.6940925	107.1568309026249
19363	Xã Vĩnh Linh	44	Tỉnh Quảng Trị	17.0843385	106.93731801389777
19366	Xã Bến Quan	44	Tỉnh Quảng Trị	16.985044000000002	106.85650848728812
19372	Xã Vĩnh Hoàng	44	Tỉnh Quảng Trị	17.094168	107.02992803685675
19405	Xã Vĩnh Thủy	44	Tỉnh Quảng Trị	17.002695000000003	106.99244752474763
19414	Xã Cửa Tùng	44	Tỉnh Quảng Trị	17.0484055	107.0877836552921
1942	Xã Bằng Vân	19	Tỉnh Thái Nguyên	22.5120795	106.05668725000001
19429	Xã Khe Sanh	44	Tỉnh Quảng Trị	16.618232	106.75836370816734
19432	Xã Lao Bảo	44	Tỉnh Quảng Trị	16.6402135	106.62298572873848
19435	Xã Hướng Lập	44	Tỉnh Quảng Trị	16.8966255	106.60337001116494
19441	Xã Hướng Phùng	44	Tỉnh Quảng Trị	16.762832	106.63506628789051
19462	Xã Tân Lập	44	Tỉnh Quảng Trị	16.577586	106.70942973331857
19483	Xã A Dơi	44	Tỉnh Quảng Trị	16.486444499999998	106.77171827149189
19489	Xã Lìa	44	Tỉnh Quảng Trị	16.5116035	106.67809481519635
19495	Xã Gio Linh	44	Tỉnh Quảng Trị	16.9161595	107.0720796827622
19496	Xã Cửa Việt	44	Tỉnh Quảng Trị	16.9069875	107.14548132159528
19501	Xã Bến Hải	44	Tỉnh Quảng Trị	16.9761885	107.06694929108247
19537	Xã Cồn Tiên	44	Tỉnh Quảng Trị	16.889471	106.93838744707793
1954	Xã Ngân Sơn	19	Tỉnh Thái Nguyên	22.4713105	105.93932910385905
19555	Xã Hướng Hiệp	44	Tỉnh Quảng Trị	16.729445	106.84223560143818
19564	Xã Đakrông	44	Tỉnh Quảng Trị	16.578747	106.9208186501337
19567	Xã Ba Lòng	44	Tỉnh Quảng Trị	16.6206055	107.00000366049383
1957	Xã Thượng Quan	19	Tỉnh Thái Nguyên	22.3752025	106.05818145833334
19588	Xã Tà Rụt	44	Tỉnh Quảng Trị	16.4506885	107.03718834821481
19594	Xã La Lay	44	Tỉnh Quảng Trị	16.374392999999998	106.9963407464445
19597	Xã Cam Lộ	44	Tỉnh Quảng Trị	16.7542385	106.94581785198864
1960	Xã Hiệp Lực	19	Tỉnh Thái Nguyên	22.325744999999998	105.98163082638888
19603	Xã Hiếu Giang	44	Tỉnh Quảng Trị	16.817369499999998	106.9296828738693
19624	Xã Triệu Phong	44	Tỉnh Quảng Trị	16.722777	107.13946970009215
19639	Xã Nam Cửa Việt	44	Tỉnh Quảng Trị	16.8522735	107.2013808594041
19645	Xã Triệu Bình	44	Tỉnh Quảng Trị	16.824448	107.16783717656023
19654	Xã Triệu Cơ	44	Tỉnh Quảng Trị	16.7990865	107.26792785012005
19669	Xã Ái Tử	44	Tỉnh Quảng Trị	16.7488265	107.10027398613417
19681	Xã Diên Sanh	44	Tỉnh Quảng Trị	16.673868	107.27126231832298
1969	Xã Phủ Thông	19	Tỉnh Thái Nguyên	22.266708	105.85375166786574
19699	Xã Vĩnh Định	44	Tỉnh Quảng Trị	16.756918	107.27352597659464
19702	Xã Hải Lăng	44	Tỉnh Quảng Trị	16.663484	107.20272661737746
19735	Xã Nam Hải Lăng	44	Tỉnh Quảng Trị	16.635465	107.28714372428958
19741	Xã Mỹ Thủy	44	Tỉnh Quảng Trị	16.748444499999998	107.3595855882819
19742	Đặc khu Cồn Cỏ	44	Tỉnh Quảng Trị	17.158455	107.33937363196202
19753	Phường Phú Xuân	46	Thành phố Huế	16.4796315	107.57429194117647
19774	Phường Kim Long	46	Thành phố Huế	16.4021585	107.54885241893203
19777	Phường Vỹ Dạ	46	Thành phố Huế	16.4750945	107.61057204791666
19789	Phường Thuận Hóa	46	Thành phố Huế	16.454228	107.58301123481013
19804	Phường Hương An	46	Thành phố Huế	16.4756755	107.52253607155596
1981	Xã Vĩnh Thông	19	Tỉnh Thái Nguyên	22.215854999999998	105.98547586587983
19813	Phường Thủy Xuân	46	Thành phố Huế	16.397018	107.59282570407684
19815	Phường An Cựu	46	Thành phố Huế	16.4361525	107.59807351618976
19819	Phường Phong Điền	46	Thành phố Huế	16.4819895	107.24595573477812
19828	Phường Phong Phú	46	Thành phố Huế	16.694702	107.40679424869447
19831	Phường Phong Dinh	46	Thành phố Huế	16.643126000000002	107.37128344999999
19858	Phường Phong Thái	46	Thành phố Huế	16.479417	107.40051057223943
19867	Xã Quảng Điền	46	Thành phố Huế	16.5652245	107.54396972305318
19873	Phường Phong Quảng	46	Thành phố Huế	16.635339000000002	107.49901450615812
19885	Xã Đan Điền	46	Thành phố Huế	16.5948155	107.48431541356494
199	Phường Láng	1	Thành phố Hà Nội	21.021095000000003	105.80484605127694
19900	Phường Thuận An	46	Thành phố Huế	16.5594745	107.6419170891927
19909	Phường Dương Nỗ	46	Thành phố Huế	16.5223095	107.59536116765872
19918	Xã Phú Hồ	46	Thành phố Huế	16.480380500000003	107.69739796106748
19930	Phường Mỹ Thượng	46	Thành phố Huế	16.504854	107.62820043010541
19942	Xã Phú Vang	46	Thành phố Huế	16.402241	107.76800893203654
19945	Xã Phú Vinh	46	Thành phố Huế	16.459846	107.77318635963924
19960	Phường Phú Bài	46	Thành phố Huế	16.2880685	107.6050657467334
19969	Phường Thanh Thủy	46	Thành phố Huế	16.4239185	107.63019475124062
19975	Phường Hương Thủy	46	Thành phố Huế	16.4023905	107.72004333984364
19996	Phường Hương Trà	46	Thành phố Huế	16.457195499999997	107.43380200602094
20014	Phường Hóa Châu	46	Thành phố Huế	16.53531	107.56337456102362
20017	Phường Kim Trà	46	Thành phố Huế	16.4938875	107.5122679767814
20035	Xã Bình Điền	46	Thành phố Huế	16.357642	107.44429051468748
20044	Xã A Lưới 2	46	Thành phố Huế	16.253650999999998	107.20337249411526
20050	Xã A Lưới 5	46	Thành phố Huế	16.1990435	107.45378678157894
20056	Xã A Lưới 1	46	Thành phố Huế	16.339731999999998	107.16737906142241
20071	Xã A Lưới 3	46	Thành phố Huế	16.209163500000003	107.24372280769231
2008	Xã Cẩm Giàng	19	Tỉnh Thái Nguyên	22.185293	105.90405456137239
20101	Xã A Lưới 4	46	Thành phố Huế	16.153602499999998	107.33603982431057
20107	Xã Phú Lộc	46	Thành phố Huế	16.258727	107.8846209917127
20122	Xã Vinh Lộc	46	Thành phố Huế	16.361576	107.87337327966759
20131	Xã Hưng Lộc	46	Thành phố Huế	16.3067725	107.71493850303352
20137	Xã Chân Mây - Lăng Cô	46	Thành phố Huế	16.26173	107.99075738937282
2014	Xã Bạch Thông	19	Tỉnh Thái Nguyên	22.155243	105.67359642401178
20140	Xã Lộc An	46	Thành phố Huế	16.2727075	107.79412006683509
20161	Xã Khe Tre	46	Thành phố Huế	16.1432535	107.78347575263157
20179	Xã Nam Đông	46	Thành phố Huế	16.1078535	107.69663897194587
20182	Xã Long Quảng	46	Thành phố Huế	16.095431	107.59212918699647
20194	Phường Hải Vân	48	Thành phố Đà Nẵng	16.124519499999998	107.96714553291685
20197	Phường Liên Chiểu	48	Thành phố Đà Nẵng	16.1005385	108.07720484375
2020	Xã Chợ Đồn	19	Tỉnh Thái Nguyên	22.157434000000002	105.58811651648358
20200	Phường Hòa Khánh	48	Thành phố Đà Nẵng	16.0552855	108.13145976053261
20209	Phường Thanh Khê	48	Thành phố Đà Nẵng	16.066406999999998	108.19485710476191
20242	Phường Hải Châu	48	Thành phố Đà Nẵng	16.0760665	108.2194476557872
20257	Phường Hòa Cường	48	Thành phố Đà Nẵng	16.043163	108.21360086754177
2026	Xã Nam Cường	19	Tỉnh Thái Nguyên	22.3433515	105.57568595798494
20260	Phường Cẩm Lệ	48	Thành phố Đà Nẵng	16.0156645	108.18100622455188
20263	Phường Sơn Trà	48	Thành phố Đà Nẵng	16.117162	108.27292721487414
20275	Phường An Hải	48	Thành phố Đà Nẵng	16.070029	108.2367870765699
20285	Phường Ngũ Hành Sơn	48	Thành phố Đà Nẵng	16.0063685	108.25055346428572
20305	Phường An Khê	48	Thành phố Đà Nẵng	16.039745500000002	108.1801146004592
20308	Xã Bà Nà	48	Thành phố Đà Nẵng	16.050110500000002	108.02400803837719
20314	Phường Hòa Xuân	48	Thành phố Đà Nẵng	15.985600999999999	108.20272715123784
20320	Xã Hòa Vang	48	Thành phố Đà Nẵng	15.970364499999999	108.02854941923076
20332	Xã Hòa Tiến	48	Thành phố Đà Nẵng	15.960224	108.1326458484101
20333	Đặc khu Hoàng Sa	48	Thành phố Đà Nẵng	16.0375175	112.53609198611144
20335	Phường Bàn Thạch	48	Thành phố Đà Nẵng	15.596225	108.46794202090919
20341	Phường Tam Kỳ	48	Thành phố Đà Nẵng	15.5572725	108.47511378797805
20350	Phường Hương Trà	48	Thành phố Đà Nẵng	15.5398255	108.48308237939796
20356	Phường Quảng Phú	48	Thành phố Đà Nẵng	15.605300499999998	108.51650689406401
20364	Xã Chiên Đàn	48	Thành phố Đà Nẵng	15.563723	108.4319186525081
2038	Xã Quảng Bạch	19	Tỉnh Thái Nguyên	22.2741625	105.60862319483101
20380	Xã Tây Hồ	48	Thành phố Đà Nẵng	15.588774	108.37683720660377
20392	Xã Phú Ninh	48	Thành phố Đà Nẵng	15.471585000000001	108.43188187431694
20401	Phường Hội An Tây	48	Thành phố Đà Nẵng	15.897272000000001	108.31686588978874
20410	Phường Hội An	48	Thành phố Đà Nẵng	15.870168	108.33336134255725
20413	Phường Hội An Đông	48	Thành phố Đà Nẵng	15.880912	108.36474625316455
20434	Xã Tân Hiệp	48	Thành phố Đà Nẵng	15.9506	108.52257436054853
2044	Xã Yên Thịnh	19	Tỉnh Thái Nguyên	22.2125365	105.49000615843559
20443	Xã Hùng Sơn	48	Thành phố Đà Nẵng	15.8114215	107.30382463038794
20455	Xã Tây Giang	48	Thành phố Đà Nẵng	15.875865000000001	107.48860562062256
20458	Xã Avương	48	Thành phố Đà Nẵng	15.970131	107.5550207148847
20467	Xã Đông Giang	48	Thành phố Đà Nẵng	15.9302075	107.66364221265204
20476	Xã Sông Kôn	48	Thành phố Đà Nẵng	15.9773765	107.78943607657658
20485	Xã Sông Vàng	48	Thành phố Đà Nẵng	15.9877125	107.91979937301102
20494	Xã Bến Hiên	48	Thành phố Đà Nẵng	15.847779	107.71820793249293
20500	Xã Đại Lộc	48	Thành phố Đà Nẵng	15.8953655	108.10665168501805
20506	Xã Thượng Đức	48	Thành phố Đà Nẵng	15.836496	107.87080183289646
20515	Xã Hà Nha	48	Thành phố Đà Nẵng	15.8594735	108.0085921400862
20539	Xã Vu Gia	48	Thành phố Đà Nẵng	15.8545365	108.06788010986432
20542	Xã Phú Thuận	48	Thành phố Đà Nẵng	15.783051	107.99390912511831
20551	Phường Điện Bàn	48	Thành phố Đà Nẵng	15.882388500000001	108.26586484577692
20557	Phường Điện Bàn Bắc	48	Thành phố Đà Nẵng	15.930377	108.17715202136424
20569	Xã Điện Bàn Tây	48	Thành phố Đà Nẵng	15.889042499999999	108.1756702776108
20575	Phường An Thắng	48	Thành phố Đà Nẵng	15.905866499999998	108.23140629975836
20579	Phường Điện Bàn Đông	48	Thành phố Đà Nẵng	15.9296385	108.2836317972973
20587	Xã Gò Nổi	48	Thành phố Đà Nẵng	15.855474000000001	108.22458891087213
20599	Xã Nam Phước	48	Thành phố Đà Nẵng	15.839798	108.29232856626908
20611	Xã Thu Bồn	48	Thành phố Đà Nẵng	15.792107	108.10436843292705
20623	Xã Duy Xuyên	48	Thành phố Đà Nẵng	15.781859	108.20442126970444
20635	Xã Duy Nghĩa	48	Thành phố Đà Nẵng	15.8407895	108.37919490335753
20641	Xã Quế Sơn	48	Thành phố Đà Nẵng	15.6669345	108.19295852847134
20650	Xã Xuân Phú	48	Thành phố Đà Nẵng	15.7910135	108.30326893752016
20656	Xã Nông Sơn	48	Thành phố Đà Nẵng	15.702387	108.10057150742574
20662	Xã Quế Sơn Trung	48	Thành phố Đà Nẵng	15.713393	108.25040483781362
20669	Xã Quế Phước	48	Thành phố Đà Nẵng	15.641285	107.98643879091946
20695	Xã Thạnh Mỹ	48	Thành phố Đà Nẵng	15.7559135	107.7653528530237
20698	Xã La Êê	48	Thành phố Đà Nẵng	15.6595875	107.35240177884616
20704	Xã La Dêê	48	Thành phố Đà Nẵng	15.553435499999999	107.44094537212311
20707	Xã Nam Giang	48	Thành phố Đà Nẵng	15.674106	107.513361677532
2071	Xã Nghĩa Tá	19	Tỉnh Thái Nguyên	22.053345	105.52944401892745
20710	Xã Bến Giằng	48	Thành phố Đà Nẵng	15.666999	107.73362938051474
20716	Xã Đắc Pring	48	Thành phố Đà Nẵng	15.500038	107.59746129337232
20722	Xã Khâm Đức	48	Thành phố Đà Nẵng	15.5009045	107.76787179383359
20728	Xã Phước Hiệp	48	Thành phố Đà Nẵng	15.468646	107.91698013248795
20734	Xã Phước Năng	48	Thành phố Đà Nẵng	15.369825500000001	107.72712591458463
20740	Xã Phước Chánh	48	Thành phố Đà Nẵng	15.32177	107.80371896430447
20752	Xã Phước Thành	48	Thành phố Đà Nẵng	15.313954500000001	107.88621016125151
20767	Xã Việt An	48	Thành phố Đà Nẵng	15.567900999999999	108.1694109993663
20770	Xã Phước Trà	48	Thành phố Đà Nẵng	15.483439	108.06536955308869
20779	Xã Hiệp Đức	48	Thành phố Đà Nẵng	15.5707405	108.06347258219179
20791	Xã Thăng Bình	48	Thành phố Đà Nẵng	15.723220000000001	108.36241059644095
20794	Xã Thăng An	48	Thành phố Đà Nẵng	15.7721225	108.40341760279671
20818	Xã Đồng Dương	48	Thành phố Đà Nẵng	15.647141	108.2903589747807
20827	Xã Thăng Phú	48	Thành phố Đà Nẵng	15.637165	108.352838131006
2083	Xã Yên Phong	19	Tỉnh Thái Nguyên	22.084237	105.63607524148512
20836	Xã Thăng Trường	48	Thành phố Đà Nẵng	15.684379499999999	108.46702568089033
20848	Xã Thăng Điền	48	Thành phố Đà Nẵng	15.6715655	108.42007297850877
20854	Xã Tiên Phước	48	Thành phố Đà Nẵng	15.500554000000001	108.33581807604027
20857	Xã Sơn Cẩm Hà	48	Thành phố Đà Nẵng	15.5378115	108.25551722783726
2086	Xã Chợ Mới	19	Tỉnh Thái Nguyên	21.876665000000003	105.83301339567831
20875	Xã Lãnh Ngọc	48	Thành phố Đà Nẵng	15.443867999999998	108.20263628214379
20878	Xã Thạnh Bình	48	Thành phố Đà Nẵng	15.439535	108.32333458571429
20900	Xã Trà My	48	Thành phố Đà Nẵng	15.345765	108.23345022244095
20908	Xã Trà Liên	48	Thành phố Đà Nẵng	15.340075500000001	108.37357621147225
20920	Xã Trà Đốc	48	Thành phố Đà Nẵng	15.352291000000001	108.0636474705937
20923	Xã Trà Tân	48	Thành phố Đà Nẵng	15.2565165	108.18247531715599
20929	Xã Trà Giáp	48	Thành phố Đà Nẵng	15.1989245	108.24862689620619
20938	Xã Trà Leng	48	Thành phố Đà Nẵng	15.2284595	107.99943331404194
20941	Xã Trà Tập	48	Thành phố Đà Nẵng	15.14038	108.05720208883248
20944	Xã Nam Trà My	48	Thành phố Đà Nẵng	15.125561	108.15201356552126
20950	Xã Trà Linh	48	Thành phố Đà Nẵng	15.023721	108.04129193064722
20959	Xã Trà Vân	48	Thành phố Đà Nẵng	15.089201	108.21670386531008
20965	Xã Núi Thành	48	Thành phố Đà Nẵng	15.4250585	108.66325242083863
20971	Xã Tam Xuân	48	Thành phố Đà Nẵng	15.534514999999999	108.54851685709549
20977	Xã Đức Phú	48	Thành phố Đà Nẵng	15.443057499999998	108.49732661399693
20984	Xã Tam Anh	48	Thành phố Đà Nẵng	15.483187000000001	108.57059110345895
20992	Xã Tam Hải	48	Thành phố Đà Nẵng	15.493721	108.65484506284531
21004	Xã Tam Mỹ	48	Thành phố Đà Nẵng	15.3677295	108.55531705944499
2101	Xã Thanh Mai	19	Tỉnh Thái Nguyên	22.049888	105.75630418429746
21025	Phường Cẩm Thành	51	Tỉnh Quảng Ngãi	15.1130155	108.81122313525503
21028	Phường Nghĩa Lộ	51	Tỉnh Quảng Ngãi	15.117844	108.7813113861939
21034	Xã An Phú	51	Tỉnh Quảng Ngãi	15.121195	108.86001120921583
2104	Xã Tân Kỳ	19	Tỉnh Thái Nguyên	22.056559	105.89279895397489
21040	Xã Bình Sơn	51	Tỉnh Quảng Ngãi	15.330738	108.74334777316602
21061	Xã Vạn Tường	51	Tỉnh Quảng Ngãi	15.346127	108.81953000661915
2107	Xã Thanh Thịnh	19	Tỉnh Thái Nguyên	21.957428	105.82915566670839
21085	Xã Bình Minh	51	Tỉnh Quảng Ngãi	15.3148175	108.64390679358787
21100	Xã Bình Chương	51	Tỉnh Quảng Ngãi	15.263546999999999	108.70558775487271
21109	Xã Đông Sơn	51	Tỉnh Quảng Ngãi	15.2410395	108.88736914318181
21115	Xã Trà Bồng	51	Tỉnh Quảng Ngãi	15.267100500000002	108.50104207798961
21124	Xã Thanh Bồng	51	Tỉnh Quảng Ngãi	15.2560205	108.37802643387651
21127	Xã Đông Trà Bồng	51	Tỉnh Quảng Ngãi	15.278245	108.5862931462073
21136	Xã Cà Đam	51	Tỉnh Quảng Ngãi	15.165092999999999	108.53431432352941
21154	Xã Tây Trà	51	Tỉnh Quảng Ngãi	15.1606105	108.3383959693792
21157	Xã Tây Trà Bồng	51	Tỉnh Quảng Ngãi	15.1492945	108.42604430257373
2116	Xã Yên Bình	19	Tỉnh Thái Nguyên	21.9513355	105.95634504084687
21172	Phường Trương Quang Trọng	51	Tỉnh Quảng Ngãi	15.1586655	108.80196710457517
21181	Xã Thọ Phong	51	Tỉnh Quảng Ngãi	15.220021500000001	108.80366285760743
21196	Xã Trường Giang	51	Tỉnh Quảng Ngãi	15.169843499999999	108.63174280307882
21205	Xã Ba Gia	51	Tỉnh Quảng Ngãi	15.211298500000002	108.65502474682654
21211	Xã Tịnh Khê	51	Tỉnh Quảng Ngãi	15.179428	108.8605755452756
21220	Xã Sơn Tịnh	51	Tỉnh Quảng Ngãi	15.181001	108.72595713868981
21235	Xã Tư Nghĩa	51	Tỉnh Quảng Ngãi	15.0854855	108.83937590060492
21238	Xã Vệ Giang	51	Tỉnh Quảng Ngãi	15.0529285	108.84906437757624
21244	Xã Trà Giang	51	Tỉnh Quảng Ngãi	15.0924805	108.67516641058899
21250	Xã Nghĩa Giang	51	Tỉnh Quảng Ngãi	15.114048499999999	108.7345214748322
21307	Xã Sơn Linh	51	Tỉnh Quảng Ngãi	15.001401999999999	108.5743229467578
21319	Xã Sơn Thủy	51	Tỉnh Quảng Ngãi	14.967827499999999	108.49888663590426
21325	Xã Sơn Kỳ	51	Tỉnh Quảng Ngãi	14.853607	108.52252097783116
21334	Xã Sơn Tây Thượng	51	Tỉnh Quảng Ngãi	15.0402545	108.29829674898681
21340	Xã Sơn Tây	51	Tỉnh Quảng Ngãi	14.9569405	108.3359129465182
21343	Xã Sơn Tây Hạ	51	Tỉnh Quảng Ngãi	14.907553	108.43023031524183
21349	Xã Sơn Mai	51	Tỉnh Quảng Ngãi	14.988167	108.69763119426659
21361	Xã Minh Long	51	Tỉnh Quảng Ngãi	14.911691000000001	108.65206257581573
21364	Xã Nghĩa Hành	51	Tỉnh Quảng Ngãi	15.060891	108.78331187637363
21370	Xã Phước Giang	51	Tỉnh Quảng Ngãi	15.0410495	108.73395082236685
21385	Xã Đình Cương	51	Tỉnh Quảng Ngãi	15.003615	108.80520572169812
21388	Xã Thiện Tín	51	Tỉnh Quảng Ngãi	14.9240465	108.76004580211082
21400	Xã Mộ Đức	51	Tỉnh Quảng Ngãi	14.936692	108.84723672775185
21409	Xã Long Phụng	51	Tỉnh Quảng Ngãi	15.0401265	108.88217847390993
21421	Xã Mỏ Cày	51	Tỉnh Quảng Ngãi	14.99082	108.89722940714474
21433	Xã Lân Phong	51	Tỉnh Quảng Ngãi	14.9205035	108.92026036771301
21439	Phường Đức Phổ	51	Tỉnh Quảng Ngãi	14.7934155	108.96757259030419
21451	Phường Trà Câu	51	Tỉnh Quảng Ngãi	14.8719935	108.94251628106362
21457	Xã Nguyễn Nghiêm	51	Tỉnh Quảng Ngãi	14.8381825	108.86810732616232
21472	Xã Khánh Cường	51	Tỉnh Quảng Ngãi	14.748877	109.00006824281985
21478	Phường Sa Huỳnh	51	Tỉnh Quảng Ngãi	14.647317999999999	109.05075682489513
21490	Xã Ba Vinh	51	Tỉnh Quảng Ngãi	14.842812	108.66389971958637
21496	Xã Ba Động	51	Tỉnh Quảng Ngãi	14.822828	108.78296770264397
21499	Xã Ba Dinh	51	Tỉnh Quảng Ngãi	14.7690935	108.65787920889298
2152	Xã Cường Lợi	19	Tỉnh Thái Nguyên	22.3174835	106.1574146835443
21520	Xã Đặng Thùy Trâm	51	Tỉnh Quảng Ngãi	14.7391735	108.8695622140773
21529	Xã Ba Vì	51	Tỉnh Quảng Ngãi	14.7413995	108.56010478803749
21538	Xã Ba Xa	51	Tỉnh Quảng Ngãi	14.638726	108.54694389341317
21548	Đặc khu Lý Sơn	51	Tỉnh Quảng Ngãi	15.380532500000001	109.11766894311737
2155	Xã Na Rì	19	Tỉnh Thái Nguyên	22.206485999999998	106.17674941720666
21553	Phường Quy Nhơn Bắc	52	Tỉnh Gia Lai	13.7922695	109.1615678371468
21583	Phường Quy Nhơn	52	Tỉnh Gia Lai	13.7802365	109.23823301677852
21589	Phường Quy Nhơn Tây	52	Tỉnh Gia Lai	13.691983	109.14013282437082
21592	Phường Quy Nhơn Nam	52	Tỉnh Gia Lai	13.726102000000001	109.20182231382978
21601	Phường Quy Nhơn Đông	52	Tỉnh Gia Lai	13.827693	109.2719518191347
21607	Xã Nhơn Châu	52	Tỉnh Gia Lai	13.619794	109.34629694699944
21609	Xã An Lão	52	Tỉnh Gia Lai	14.629251	108.92241436883327
21616	Xã An Vinh	52	Tỉnh Gia Lai	14.6129235	108.81298750389386
21622	Xã An Toàn	52	Tỉnh Gia Lai	14.489436999999999	108.71048007974538
21628	Xã An Hòa	52	Tỉnh Gia Lai	14.553853	108.88595520884957
21637	Phường Tam Quan	52	Tỉnh Gia Lai	14.5750745	109.01632541679567
21640	Phường Bồng Sơn	52	Tỉnh Gia Lai	14.410561000000001	109.04540929368132
21655	Phường Hoài Nhơn Bắc	52	Tỉnh Gia Lai	14.6142	109.00173140650597
21661	Phường Hoài Nhơn Tây	52	Tỉnh Gia Lai	14.542146500000001	108.99524011893789
21664	Phường Hoài Nhơn	52	Tỉnh Gia Lai	14.5147335	109.05921635105635
21670	Phường Hoài Nhơn Đông	52	Tỉnh Gia Lai	14.4491495	109.08509561547002
21673	Phường Hoài Nhơn Nam	52	Tỉnh Gia Lai	14.464535999999999	109.0185821206075
21688	Xã Hoài Ân	52	Tỉnh Gia Lai	14.314075500000001	108.99076835222658
21697	Xã Ân Hảo	52	Tỉnh Gia Lai	14.481838	108.93109276903807
21703	Xã Vạn Đức	52	Tỉnh Gia Lai	14.4146475	108.90352364269447
21715	Xã Ân Tường	52	Tỉnh Gia Lai	14.352751999999999	108.88059409684024
21727	Xã Kim Sơn	52	Tỉnh Gia Lai	14.2484865	108.86977843066666
21730	Xã Phù Mỹ	52	Tỉnh Gia Lai	14.175606	109.08125663596641
21733	Xã Bình Dương	52	Tỉnh Gia Lai	14.2653265	109.09378811728396
21739	Xã Phù Mỹ Bắc	52	Tỉnh Gia Lai	14.3351145	109.07229769036209
21751	Xã Phù Mỹ Đông	52	Tỉnh Gia Lai	14.2714565	109.15965006922691
21757	Xã Phù Mỹ Tây	52	Tỉnh Gia Lai	14.2135155	109.01773988052909
2176	Xã Trần Phú	19	Tỉnh Thái Nguyên	22.142612	106.121136027427
21769	Xã An Lương	52	Tỉnh Gia Lai	14.1707055	109.16155409223569
21775	Xã Phù Mỹ Nam	52	Tỉnh Gia Lai	14.1258235	109.05568496227622
21786	Xã Vĩnh Thạnh	52	Tỉnh Gia Lai	14.1708935	108.71605870479328
21787	Xã Vĩnh Sơn	52	Tỉnh Gia Lai	14.338439999999999	108.7157752236842
21796	Xã Vĩnh Thịnh	52	Tỉnh Gia Lai	14.1420995	108.8310869220297
21805	Xã Vĩnh Quang	52	Tỉnh Gia Lai	14.088674000000001	108.7437215426477
21808	Xã Tây Sơn	52	Tỉnh Gia Lai	13.8749525	108.9676644940942
21817	Xã Bình Hiệp	52	Tỉnh Gia Lai	14.031073	108.89533644204545
21820	Xã Bình Khê	52	Tỉnh Gia Lai	13.978417499999999	108.8146345
21829	Xã Bình An	52	Tỉnh Gia Lai	13.9532415	108.90607346644921
21835	Xã Bình Phú	52	Tỉnh Gia Lai	13.852798499999999	108.84951677285844
2185	Xã Côn Minh	19	Tỉnh Thái Nguyên	22.109803499999998	106.00587227083334
21853	Xã Phù Cát	52	Tỉnh Gia Lai	14.000793	109.06349093587559
21859	Xã Đề Gi	52	Tỉnh Gia Lai	14.1060665	109.14749385797
21868	Xã Hội Sơn	52	Tỉnh Gia Lai	14.1258065	108.94740364824563
21871	Xã Hòa Hội	52	Tỉnh Gia Lai	14.048714	109.03653178217822
21880	Xã Cát Tiến	52	Tỉnh Gia Lai	14.012095500000001	109.23118836769007
21892	Xã Xuân An	52	Tỉnh Gia Lai	13.991580500000001	109.1277745755624
21901	Xã Ngô Mây	52	Tỉnh Gia Lai	13.968534	109.19159185000001
21907	Phường Bình Định	52	Tỉnh Gia Lai	13.894399	109.0387518795072
2191	Xã Xuân Dương	19	Tỉnh Thái Nguyên	21.9959895	106.02195980772362
21910	Phường An Nhơn	52	Tỉnh Gia Lai	13.928197	109.06253447103005
21925	Phường An Nhơn Bắc	52	Tỉnh Gia Lai	13.937633	109.13931407839738
21934	Phường An Nhơn Đông	52	Tỉnh Gia Lai	13.9120565	109.1209835293177
21940	Xã An Nhơn Tây	52	Tỉnh Gia Lai	13.822685499999999	109.00416736554129
21943	Phường An Nhơn Nam	52	Tỉnh Gia Lai	13.836345999999999	109.07223019365344
21952	Xã Tuy Phước	52	Tỉnh Gia Lai	13.8330445	109.19262380057827
21964	Xã Tuy Phước Bắc	52	Tỉnh Gia Lai	13.8843	109.14968392405703
21970	Xã Tuy Phước Đông	52	Tỉnh Gia Lai	13.886374	109.21907978257138
21985	Xã Tuy Phước Tây	52	Tỉnh Gia Lai	13.794933499999999	109.09904780495884
21994	Xã Vân Canh	52	Tỉnh Gia Lai	13.5978085	108.97786439184239
21997	Xã Canh Liên	52	Tỉnh Gia Lai	13.682668	108.89146704388027
22006	Xã Canh Vinh	52	Tỉnh Gia Lai	13.6937415	109.03146155555555
22015	Phường Tuy Hòa	66	Tỉnh Đắk Lắk	13.076195	109.2870244405664
22045	Phường Bình Kiến	66	Tỉnh Đắk Lắk	13.1384535	109.24693716721664
22051	Phường Sông Cầu	66	Tỉnh Đắk Lắk	13.4718535	109.28606634260899
22057	Xã Xuân Lộc	66	Tỉnh Đắk Lắk	13.631753	109.18798662989897
22060	Xã Xuân Cảnh	66	Tỉnh Đắk Lắk	13.5612815	109.22108587555803
22075	Xã Xuân Thọ	66	Tỉnh Đắk Lắk	13.488778	109.16299593807764
22076	Phường Xuân Đài	66	Tỉnh Đắk Lắk	13.4033045	109.22050469327309
22081	Xã Đồng Xuân	66	Tỉnh Đắk Lắk	13.394296	109.08998327590848
22090	Xã Xuân Lãnh	66	Tỉnh Đắk Lắk	13.501376	109.03799196825034
22096	Xã Phú Mỡ	66	Tỉnh Đắk Lắk	13.433026	108.89468031870476
22111	Xã Xuân Phước	66	Tỉnh Đắk Lắk	13.299611	109.06228738492064
22114	Xã Tuy An Bắc	66	Tỉnh Đắk Lắk	13.319503000000001	109.18690983168409
2212	Phường Nông Tiến	8	Tỉnh Tuyên Quang	21.8335365	105.23200616477274
22120	Xã Tuy An Đông	66	Tỉnh Đắk Lắk	13.324869	109.24969574737491
22132	Xã Tuy An Tây	66	Tỉnh Đắk Lắk	13.247175	109.14530445209436
22147	Xã Ô Loan	66	Tỉnh Đắk Lắk	13.2546115	109.25730496384726
2215	Phường Minh Xuân	8	Tỉnh Tuyên Quang	21.8071895	105.17346601292822
22153	Xã Tuy An Nam	66	Tỉnh Đắk Lắk	13.1834755	109.24079474200278
22165	Xã Sơn Hòa	66	Tỉnh Đắk Lắk	13.106421999999998	108.99179998509244
22171	Xã Tây Sơn	66	Tỉnh Đắk Lắk	13.280914	108.94216771604938
22177	Xã Vân Hòa	66	Tỉnh Đắk Lắk	13.179374	109.08225618241758
22192	Xã Suối Trai	66	Tỉnh Đắk Lắk	13.092223	108.86756264285714
22207	Xã Sông Hinh	66	Tỉnh Đắk Lắk	12.8592485	108.9366473694443
2221	Xã Nà Hang	8	Tỉnh Tuyên Quang	22.3464635	105.35757145244216
22222	Xã Đức Bình	66	Tỉnh Đắk Lắk	12.979358000000001	108.98962795740741
22225	Xã Ea Bá	66	Tỉnh Đắk Lắk	12.9636085	108.82267263431876
22237	Xã Ea Ly	66	Tỉnh Đắk Lắk	13.0002325	108.73161788576158
22240	Phường Phú Yên	66	Tỉnh Đắk Lắk	13.046101	109.31614803512838
22250	Xã Sơn Thành	66	Tỉnh Đắk Lắk	12.9495155	109.10241656340057
22255	Xã Tây Hòa	66	Tỉnh Đắk Lắk	12.981369	109.19804505317443
22258	Phường Đông Hòa	66	Tỉnh Đắk Lắk	12.9572445	109.30998846561894
22261	Phường Hòa Hiệp	66	Tỉnh Đắk Lắk	12.991992	109.36853149419636
22276	Xã Hòa Thịnh	66	Tỉnh Đắk Lắk	12.9018475	109.26146186142395
22285	Xã Hòa Mỹ	66	Tỉnh Đắk Lắk	12.8803325	109.1562576145956
22291	Xã Hòa Xuân	66	Tỉnh Đắk Lắk	12.9118015	109.4021512270539
22303	Xã Phú Hòa 2	66	Tỉnh Đắk Lắk	13.101651	109.1960973233945
22319	Xã Phú Hòa 1	66	Tỉnh Đắk Lắk	13.0611225	109.12427400347222
22333	Phường Bắc Nha Trang	56	Tỉnh Khánh Hòa	12.3190925	109.17615377439023
22366	Phường Nha Trang	56	Tỉnh Khánh Hòa	12.232274499999999	109.19050961446794
2239	Xã Thượng Nông	8	Tỉnh Tuyên Quang	22.5850555	105.48719392099323
22390	Phường Tây Nha Trang	56	Tỉnh Khánh Hòa	12.2597995	109.15495684380998
22402	Phường Nam Nha Trang	56	Tỉnh Khánh Hòa	12.197454	109.16726145755165
22411	Phường Bắc Cam Ranh	56	Tỉnh Khánh Hòa	11.984472	109.1756359842493
22420	Phường Cam Ranh	56	Tỉnh Khánh Hòa	11.931127	109.16290807261353
22423	Phường Ba Ngòi	56	Tỉnh Khánh Hòa	11.9334955	109.0665378674091
22432	Phường Cam Linh	56	Tỉnh Khánh Hòa	11.90238	109.16179789003921
22435	Xã Cam Hiệp	56	Tỉnh Khánh Hòa	12.070298000000001	109.04568730250426
2245	Xã Côn Lôn	8	Tỉnh Tuyên Quang	22.5475855	105.42112723847
22453	Xã Cam Lâm	56	Tỉnh Khánh Hòa	12.0814095	109.1545151263536
22465	Xã Cam An	56	Tỉnh Khánh Hòa	11.9944065	109.06458508022635
2248	Xã Yên Hoa	8	Tỉnh Tuyên Quang	22.4760975	105.45895482751678
22480	Xã Nam Cam Ranh	56	Tỉnh Khánh Hòa	11.861137	109.09817427304546
22489	Xã Vạn Ninh	56	Tỉnh Khánh Hòa	12.735035	109.15196262326629
22498	Xã Tu Bông	56	Tỉnh Khánh Hòa	12.787234000000002	109.27244531245097
22504	Xã Đại Lãnh	56	Tỉnh Khánh Hòa	12.5941085	109.36747883460635
22516	Xã Vạn Thắng	56	Tỉnh Khánh Hòa	12.7653465	109.21065166346155
22525	Xã Vạn Hưng	56	Tỉnh Khánh Hòa	12.6512585	109.16841353013729
22528	Phường Ninh Hòa	56	Tỉnh Khánh Hòa	12.512412999999999	109.13421320676692
22546	Xã Bắc Ninh Hòa	56	Tỉnh Khánh Hòa	12.621545000000001	109.10775688145162
22552	Xã Tây Ninh Hòa	56	Tỉnh Khánh Hòa	12.574152999999999	108.96624363816824
22558	Xã Hòa Trí	56	Tỉnh Khánh Hòa	12.599014	109.04883160748949
22561	Phường Đông Ninh Hòa	56	Tỉnh Khánh Hòa	12.4695275	109.27583791283422
22576	Xã Tân Định	56	Tỉnh Khánh Hòa	12.504975	109.03713673233672
22591	Phường Hòa Thắng	56	Tỉnh Khánh Hòa	12.44771	109.22181823209097
22597	Xã Nam Ninh Hòa	56	Tỉnh Khánh Hòa	12.413936	109.0703344015109
226	Phường Văn Miếu - Quốc Tử Giám	1	Thành phố Hà Nội	21.0190795	105.8357997934322
2260	Xã Hồng Thái	8	Tỉnh Tuyên Quang	22.4227225	105.5032806954607
22609	Xã Khánh Vĩnh	56	Tỉnh Khánh Hòa	12.190536999999999	108.91967007142857
22612	Xã Trung Khánh Vĩnh	56	Tỉnh Khánh Hòa	12.4074065	108.80460871052631
22615	Xã Bắc Khánh Vĩnh	56	Tỉnh Khánh Hòa	12.4195575	108.95521804729147
22624	Xã Tây Khánh Vĩnh	56	Tỉnh Khánh Hòa	12.3083275	108.82358582658541
22648	Xã Nam Khánh Vĩnh	56	Tỉnh Khánh Hòa	12.2090325	108.80019430972912
22651	Xã Diên Khánh	56	Tỉnh Khánh Hòa	12.242434	109.11025840621735
22657	Xã Diên Điền	56	Tỉnh Khánh Hòa	12.31124	109.09292295679012
2266	Xã Lâm Bình	8	Tỉnh Tuyên Quang	22.5473995	105.18586504695432
22660	Xã Diên Lâm	56	Tỉnh Khánh Hòa	12.325345500000001	109.00411746436652
22672	Xã Diên Thọ	56	Tỉnh Khánh Hòa	12.228678500000001	108.98249729323983
22678	Xã Diên Lạc	56	Tỉnh Khánh Hòa	12.2501035	109.06588646520083
2269	Xã Thượng Lâm	8	Tỉnh Tuyên Quang	22.526625	105.31253565206234
22702	Xã Suối Hiệp	56	Tỉnh Khánh Hòa	12.205763	109.03568462168207
22708	Xã Suối Dầu	56	Tỉnh Khánh Hòa	12.1443105	109.01386564247109
22714	Xã Khánh Sơn	56	Tỉnh Khánh Hòa	12.024855500000001	108.90913376965065
22720	Xã Tây Khánh Sơn	56	Tỉnh Khánh Hòa	12.062137	108.85011740636443
22732	Xã Đông Khánh Sơn	56	Tỉnh Khánh Hòa	11.996105	108.97710693266828
22736	Đặc khu Trường Sa	56	Tỉnh Khánh Hòa	10.70059	117.34147025809027
22738	Phường Đô Vinh	56	Tỉnh Khánh Hòa	11.636431	108.91996304243779
22741	Phường Bảo An	56	Tỉnh Khánh Hòa	11.596359	108.97626866390587
22759	Phường Phan Rang	56	Tỉnh Khánh Hòa	11.564708	108.99318231349207
22780	Phường Đông Hải	56	Tỉnh Khánh Hòa	11.558255500000001	109.01389540053191
22786	Xã Bác Ái Tây	56	Tỉnh Khánh Hòa	11.993359000000002	108.77078257142857
22795	Xã Bác Ái	56	Tỉnh Khánh Hòa	11.8518095	108.84338964622643
22801	Xã Bác Ái Đông	56	Tỉnh Khánh Hòa	11.8686435	108.96311578777681
22810	Xã Ninh Sơn	56	Tỉnh Khánh Hòa	11.7523585	108.73861789783972
22813	Xã Lâm Sơn	56	Tỉnh Khánh Hòa	11.8472085	108.71286400284092
22822	Xã Mỹ Sơn	56	Tỉnh Khánh Hòa	11.717716	108.90303452784292
22828	Xã Anh Dũng	56	Tỉnh Khánh Hòa	11.617974	108.64480927838429
22834	Phường Ninh Chử	56	Tỉnh Khánh Hòa	11.6006675	109.01901175974535
22840	Xã Công Hải	56	Tỉnh Khánh Hòa	11.794425	109.09728656644654
22846	Xã Vĩnh Hải	56	Tỉnh Khánh Hòa	11.674783999999999	109.15212516082603
22849	Xã Thuận Bắc	56	Tỉnh Khánh Hòa	11.7278545	109.0457531698718
22852	Xã Ninh Hải	56	Tỉnh Khánh Hòa	11.664957999999999	109.08489689237288
22861	Xã Xuân Hải	56	Tỉnh Khánh Hòa	11.649142	109.00292972803581
2287	Xã Chiêm Hoá	8	Tỉnh Tuyên Quang	22.1458345	105.28703032429777
22870	Xã Ninh Phước	56	Tỉnh Khánh Hòa	11.529129999999999	108.94976333221476
22873	Xã Phước Hậu	56	Tỉnh Khánh Hòa	11.60335	108.85596044350334
22888	Xã Phước Dinh	56	Tỉnh Khánh Hòa	11.438576999999999	108.96977466970547
22891	Xã Phước Hữu	56	Tỉnh Khánh Hòa	11.564329	108.84104162835108
22897	Xã Thuận Nam	56	Tỉnh Khánh Hòa	11.444074	108.88357544281047
229	Phường Kim Liên	1	Thành phố Hà Nội	21.006031999999998	105.832100994709
22900	Xã Phước Hà	56	Tỉnh Khánh Hòa	11.490467	108.76761270763544
22909	Xã Cà Ná	56	Tỉnh Khánh Hòa	11.352149	108.91253026059823
22918	Phường Mũi Né	68	Tỉnh Lâm Đồng	10.971058	108.26617724971831
22924	Phường Phú Thuỷ	68	Tỉnh Lâm Đồng	10.9427915	108.14802145132742
22933	Phường Hàm Thắng	68	Tỉnh Lâm Đồng	10.975113499999999	108.15195988630973
22945	Phường Phan Thiết	68	Tỉnh Lâm Đồng	10.9284335	108.1002725041589
22954	Phường Tiến Thành	68	Tỉnh Lâm Đồng	10.850605999999999	108.03076485095613
2296	Xã Bình An	8	Tỉnh Tuyên Quang	22.408957	105.19158575212766
22960	Phường Bình Thuận	68	Tỉnh Lâm Đồng	10.977023	108.03368615217391
22963	Xã Tuyên Quang	68	Tỉnh Lâm Đồng	10.9153945	108.04902472043918
22969	Xã Liên Hương	68	Tỉnh Lâm Đồng	11.263783	108.71593688076152
22972	Xã Phan Rí Cửa	68	Tỉnh Lâm Đồng	11.188457	108.59767441011235
22978	Xã Tuy Phong	68	Tỉnh Lâm Đồng	11.3904785	108.67245292870844
22981	Xã Vĩnh Hảo	68	Tỉnh Lâm Đồng	11.330854500000001	108.7752344882226
23005	Xã Bắc Bình	68	Tỉnh Lâm Đồng	11.222131000000001	108.54066495837809
23008	Xã Phan Sơn	68	Tỉnh Lâm Đồng	11.4117015	108.4337467187074
2302	Xã Minh Quang	8	Tỉnh Tuyên Quang	22.357788	105.12710660081436
23020	Xã Hải Ninh	68	Tỉnh Lâm Đồng	11.314266	108.50266095421244
23023	Xã Sông Lũy	68	Tỉnh Lâm Đồng	11.23109	108.2452661726804
23032	Xã Lương Sơn	68	Tỉnh Lâm Đồng	11.249884999999999	108.35240063043479
23041	Xã Hồng Thái	68	Tỉnh Lâm Đồng	11.207646	108.44792238948625
2305	Xã Trung Hà	8	Tỉnh Tuyên Quang	22.2895085	105.08916268711019
23053	Xã Hòa Thắng	68	Tỉnh Lâm Đồng	11.096586	108.38376506828247
23059	Xã Hàm Thuận	68	Tỉnh Lâm Đồng	11.073263	108.07838506789932
23065	Xã La Dạ	68	Tỉnh Lâm Đồng	11.2670475	107.91517408940396
23074	Xã Đông Giang	68	Tỉnh Lâm Đồng	11.2499985	108.01197451249999
2308	Xã Tân Mỹ	8	Tỉnh Tuyên Quang	22.2647935	105.19778414674875
23086	Xã Hồng Sơn	68	Tỉnh Lâm Đồng	11.1167645	108.23570288862177
23089	Xã Hàm Thuận Bắc	68	Tỉnh Lâm Đồng	11.1764845	108.08777098250079
23095	Xã Hàm Liêm	68	Tỉnh Lâm Đồng	11.012438	108.08468671466291
23110	Xã Hàm Thuận Nam	68	Tỉnh Lâm Đồng	10.853470999999999	107.90431735438972
23122	Xã Hàm Thạnh	68	Tỉnh Lâm Đồng	11.0513255	107.92108646594151
23128	Xã Hàm Kiệm	68	Tỉnh Lâm Đồng	10.903024	107.96565655755363
23134	Xã Tân Lập	68	Tỉnh Lâm Đồng	10.856101500000001	107.8029950625293
23143	Xã Tân Thành	68	Tỉnh Lâm Đồng	10.7587875	107.93185485919943
23149	Xã Tánh Linh	68	Tỉnh Lâm Đồng	11.0861765	107.66709507336363
23152	Xã Bắc Ruộng	68	Tỉnh Lâm Đồng	11.265964	107.74558327635239
23158	Xã Nghị Đức	68	Tỉnh Lâm Đồng	11.272180500000001	107.68140961665276
2317	Xã Yên Lập	8	Tỉnh Tuyên Quang	22.2098935	105.38180638614651
23173	Xã Đồng Kho	68	Tỉnh Lâm Đồng	11.172265	107.75238770588236
23188	Xã Suối Kiết	68	Tỉnh Lâm Đồng	11.013214000000001	107.5967625902637
23191	Xã Đức Linh	68	Tỉnh Lâm Đồng	11.1779015	107.56009261403301
23194	Xã Hoài Đức	68	Tỉnh Lâm Đồng	11.163666	107.4883097125
2320	Xã Tân An	8	Tỉnh Tuyên Quang	22.226132999999997	105.13629559939794
23200	Xã Nam Thành	68	Tỉnh Lâm Đồng	11.289016	107.58430391666667
23227	Xã Trà Tân	68	Tỉnh Lâm Đồng	11.0574195	107.49850761875
23230	Xã Tân Minh	68	Tỉnh Lâm Đồng	10.841721	107.64087665824162
23231	Phường Phước Hội	68	Tỉnh Lâm Đồng	10.668866000000001	107.73298894624897
23235	Phường La Gi	68	Tỉnh Lâm Đồng	10.719755	107.76793992330677
23236	Xã Hàm Tân	68	Tỉnh Lâm Đồng	10.7742735	107.68561940651372
23246	Xã Tân Hải	68	Tỉnh Lâm Đồng	10.745106	107.83050649683543
23266	Xã Sơn Mỹ	68	Tỉnh Lâm Đồng	10.677611500000001	107.62354585720216
23272	Đặc khu Phú Quý	68	Tỉnh Lâm Đồng	10.528327	108.9426718059117
23284	Phường Đăk Cấm	51	Tỉnh Quảng Ngãi	14.407961499999999	108.00970166762522
23293	Phường Kon Tum	51	Tỉnh Quảng Ngãi	14.354547499999999	108.01651614314517
23302	Phường Đăk Bla	51	Tỉnh Quảng Ngãi	14.3231665	107.98798428571429
23317	Xã Ngọk Bay	51	Tỉnh Quảng Ngãi	14.395002	107.9125378065813
2332	Xã Kiên Đài	8	Tỉnh Tuyên Quang	22.132157	105.41406125
23326	Xã Ia Chim	51	Tỉnh Quảng Ngãi	14.308164000000001	107.90364893481059
23332	Xã Đăk Rơ Wa	51	Tỉnh Quảng Ngãi	14.317938	108.04211393342857
23341	Xã Đăk Pék	51	Tỉnh Quảng Ngãi	15.0549085	107.74241755042974
23344	Xã Đăk Plô	51	Tỉnh Quảng Ngãi	15.218064	107.6957731920919
23356	Xã Xốp	51	Tỉnh Quảng Ngãi	15.113385000000001	107.84032076529161
23365	Xã Ngọc Linh	51	Tỉnh Quảng Ngãi	15.1050845	107.94107312567446
23368	Xã Đăk Long	51	Tỉnh Quảng Ngãi	14.9570015	107.56190006290673
23374	Xã Đăk Môn	51	Tỉnh Quảng Ngãi	14.9463305	107.67787688487283
23377	Xã Bờ Y	51	Tỉnh Quảng Ngãi	14.700173	107.63764022395209
23383	Xã Dục Nông	51	Tỉnh Quảng Ngãi	14.8530595	107.67609604126875
23392	Xã Sa Loong	51	Tỉnh Quảng Ngãi	14.5976295	107.63586571212122
23401	Xã Đăk Tô	51	Tỉnh Quảng Ngãi	14.607466500000001	107.84133815201874
23416	Xã Đăk Sao	51	Tỉnh Quảng Ngãi	14.933440000000001	107.83870845931314
23419	Xã Đăk Tờ Kan	51	Tỉnh Quảng Ngãi	14.8544555	107.87323522884941
23425	Xã Tu Mơ Rông	51	Tỉnh Quảng Ngãi	14.822882	107.97023641766467
23428	Xã Ngọk Tụ	51	Tỉnh Quảng Ngãi	14.763996	107.76308008017241
23430	Xã Kon Đào	51	Tỉnh Quảng Ngãi	14.7489195	107.8791095892857
23446	Xã Măng Ri	51	Tỉnh Quảng Ngãi	14.916152499999999	108.0234016714981
23455	Xã Măng Bút	51	Tỉnh Quảng Ngãi	14.9201865	108.23100740917782
23473	Xã Măng Đen	51	Tỉnh Quảng Ngãi	14.693227499999999	108.30262397806905
23476	Xã Kon Plông	51	Tỉnh Quảng Ngãi	14.7274515	108.4213765980441
23479	Xã Đăk Rve	51	Tỉnh Quảng Ngãi	14.478212500000001	108.30402080627233
23485	Xã Đăk Kôi	51	Tỉnh Quảng Ngãi	14.622221499999998	108.1527328125
23497	Xã Kon Braih	51	Tỉnh Quảng Ngãi	14.4304795	108.1677231173399
235	Phường Đống Đa	1	Thành phố Hà Nội	21.0111825	105.81835965608855
2350	Xã Kim Bình	8	Tỉnh Tuyên Quang	22.076988	105.31255608319597
23500	Xã Đăk Hà	51	Tỉnh Quảng Ngãi	14.470127999999999	107.9259379197861
23504	Xã Đăk Pxi	51	Tỉnh Quảng Ngãi	14.720709	107.99875447115384
23510	Xã Đăk Ui	51	Tỉnh Quảng Ngãi	14.5846925	108.02016668592965
23512	Xã Đăk Mar	51	Tỉnh Quảng Ngãi	14.5704	107.92276611363636
23515	Xã Ngọk Réo	51	Tỉnh Quảng Ngãi	14.490395	108.03276290482233
23527	Xã Sa Thầy	51	Tỉnh Quảng Ngãi	14.4388015	107.75680174975693
2353	Xã Hoà An	8	Tỉnh Tuyên Quang	22.0896155	105.24741647325104
23530	Xã Rờ Kơi	51	Tỉnh Quảng Ngãi	14.5270575	107.70310736529126
23534	Xã Sa Bình	51	Tỉnh Quảng Ngãi	14.434225	107.84062107770961
23535	Xã Ia Đal	51	Tỉnh Quảng Ngãi	14.098536	107.38794639530391
23536	Xã Mô Rai	51	Tỉnh Quảng Ngãi	14.348645999999999	107.58509189084506
23538	Xã Ia Tơi	51	Tỉnh Quảng Ngãi	14.146	107.55647265594854
23548	Xã Ya Ly	51	Tỉnh Quảng Ngãi	14.2956325	107.7682605644685
23563	Phường Diên Hồng	52	Tỉnh Gia Lai	13.960027	107.97242964715718
23575	Phường Pleiku	52	Tỉnh Gia Lai	13.999691	108.03423103914406
23584	Phường Thống Nhất	52	Tỉnh Gia Lai	14.026971499999998	107.98108212629748
23586	Phường Hội Phú	52	Tỉnh Gia Lai	13.927303	108.02415052756892
2359	Xã Tri Phú	8	Tỉnh Tuyên Quang	22.0232855	105.4191695625
23590	Xã Biển Hồ	52	Tỉnh Gia Lai	14.089242500000001	108.03764008593276
23602	Phường An Phú	52	Tỉnh Gia Lai	13.970556	108.06237257419787
23611	Xã Gào	52	Tỉnh Gia Lai	13.9034065	107.90404370775676
23614	Phường An Bình	52	Tỉnh Gia Lai	13.967278	108.61042745833333
23617	Phường An Khê	52	Tỉnh Gia Lai	13.987859499999999	108.66362102457467
23629	Xã Cửu An	52	Tỉnh Gia Lai	14.022555	108.73307951527553
23638	Xã Kbang	52	Tỉnh Gia Lai	14.182269999999999	108.55918822883626
23644	Xã Đak Rong	52	Tỉnh Gia Lai	14.4189715	108.40785119254144
23647	Xã Sơn Lang	52	Tỉnh Gia Lai	14.411074	108.56308658200001
2365	Xã Yên Nguyên	8	Tỉnh Tuyên Quang	22.098836499999997	105.18694777862098
23650	Xã Krong	52	Tỉnh Gia Lai	14.26727	108.4391760974801
23668	Xã Tơ Tung	52	Tỉnh Gia Lai	14.0646265	108.5143635593559
23674	Xã Kông Bơ La	52	Tỉnh Gia Lai	14.096212	108.61693147356925
23677	Xã Đak Đoa	52	Tỉnh Gia Lai	13.967709	108.13529114500602
23683	Xã Đak Sơmei	52	Tỉnh Gia Lai	14.266129	108.266944396777
23701	Xã Kon Gang	52	Tỉnh Gia Lai	14.080767	108.15030471788009
23710	Xã Ia Băng	52	Tỉnh Gia Lai	13.915197500000001	108.08186476190477
23714	Xã KDang	52	Tỉnh Gia Lai	13.9577965	108.20028037773
23722	Xã Chư Păh	52	Tỉnh Gia Lai	14.136811999999999	107.96493366546112
23728	Xã Ia Khươl	52	Tỉnh Gia Lai	14.267804	108.1353178627193
23734	Xã Ia Ly	52	Tỉnh Gia Lai	14.1990955	107.77524203658535
2374	Xã Hàm Yên	8	Tỉnh Tuyên Quang	22.0340105	105.02366777594924
23749	Xã Ia Phí	52	Tỉnh Gia Lai	14.1779745	107.90773641867469
23764	Xã Ia Grai	52	Tỉnh Gia Lai	14.009448500000001	107.77812552072888
23767	Xã Ia Hrung	52	Tỉnh Gia Lai	14.022146	107.90879419694448
23776	Xã Ia Krái	52	Tỉnh Gia Lai	14.0091465	107.63362185955853
23782	Xã Ia O	52	Tỉnh Gia Lai	13.950849	107.54034674388254
23788	Xã Ia Chia	52	Tỉnh Gia Lai	13.889965499999999	107.58167774588992
23794	Xã Mang Yang	52	Tỉnh Gia Lai	14.052244	108.26024534509203
23798	Xã Ayun	52	Tỉnh Gia Lai	14.142167	108.30940427051328
23799	Xã Hra	52	Tỉnh Gia Lai	14.052733	108.40026590994623
2380	Xã Bạch Xa	8	Tỉnh Tuyên Quang	22.264516	104.95523756322872
23812	Xã Lơ Pang	52	Tỉnh Gia Lai	13.877867	108.29946744230769
23818	Xã Kon Chiêng	52	Tỉnh Gia Lai	13.7712095	108.29939747804877
23824	Xã Kông Chro	52	Tỉnh Gia Lai	13.721741999999999	108.527241335595
23830	Xã Chư Krey	52	Tỉnh Gia Lai	13.8897185	108.43672688463226
23833	Xã Ya Ma	52	Tỉnh Gia Lai	13.809899999999999	108.59853250746269
23839	Xã SRó	52	Tỉnh Gia Lai	13.714692	108.64139453956993
23842	Xã Đăk Song	52	Tỉnh Gia Lai	13.688707	108.75749697945206
23851	Xã Chơ Long	52	Tỉnh Gia Lai	13.748939	108.41829937521626
23857	Xã Đức Cơ	52	Tỉnh Gia Lai	13.7499065	107.72449835229068
23866	Xã Ia Krêl	52	Tỉnh Gia Lai	13.8091845	107.78617740692641
23869	Xã Ia Dơk	52	Tỉnh Gia Lai	13.855034	107.69735042677756
23872	Xã Ia Dom	52	Tỉnh Gia Lai	13.8094185	107.5343187159091
23881	Xã Ia Pnôn	52	Tỉnh Gia Lai	13.7089745	107.64448574132321
23884	Xã Ia Nan	52	Tỉnh Gia Lai	13.7263075	107.57673622680696
23887	Xã Chư Prông	52	Tỉnh Gia Lai	13.771851999999999	107.89169869795069
23896	Xã Bàu Cạn	52	Tỉnh Gia Lai	13.8274045	107.8899951075198
23908	Xã Ia Tôr	52	Tỉnh Gia Lai	13.77896	107.98514474552846
23911	Xã Ia Boòng	52	Tỉnh Gia Lai	13.6710545	107.84277133730332
23917	Xã Ia Púch	52	Tỉnh Gia Lai	13.625621500000001	107.7027068944334
2392	Xã Phù Lưu	8	Tỉnh Tuyên Quang	22.1802685	105.03069780594872
23926	Xã Ia Pia	52	Tỉnh Gia Lai	13.599563	107.89232023600746
23935	Xã Ia Lâu	52	Tỉnh Gia Lai	13.470025	107.87481461892112
23938	Xã Ia Mơ	52	Tỉnh Gia Lai	13.453136	107.71703314961638
23941	Xã Chư Sê	52	Tỉnh Gia Lai	13.7067135	108.06935147036458
23942	Xã Chư Pưh	52	Tỉnh Gia Lai	13.514737	108.13069775112967
23947	Xã Bờ Ngoong	52	Tỉnh Gia Lai	13.805990999999999	108.09269739612854
23954	Xã Al Bá	52	Tỉnh Gia Lai	13.703841	108.14653964136839
23971	Xã Ia Hrú	52	Tỉnh Gia Lai	13.6195925	108.18524172336288
23977	Xã Ia Ko	52	Tỉnh Gia Lai	13.595159	108.01460646359223
2398	Xã Yên Phú	8	Tỉnh Tuyên Quang	22.137113499999998	104.93187746580188
23986	Xã Ia Le	52	Tỉnh Gia Lai	13.442242499999999	108.07184880870456
23995	Xã Đak Pơ	52	Tỉnh Gia Lai	13.973719	108.49503205051346
24007	Xã Ya Hội	52	Tỉnh Gia Lai	13.877661	108.68397570867768
24013	Xã Pờ Tó	52	Tỉnh Gia Lai	13.624467500000002	108.39578354376442
24022	Xã Ia Pa	52	Tỉnh Gia Lai	13.5120595	108.4457659578068
24028	Xã Ia Tul	52	Tỉnh Gia Lai	13.495196499999999	108.5862224134103
2404	Xã Bình Xa	8	Tỉnh Tuyên Quang	22.106054	105.12549649046093
24043	Xã Phú Thiện	52	Tỉnh Gia Lai	13.488795	108.33968467730722
24044	Phường Ayun Pa	52	Tỉnh Gia Lai	13.410656	108.43540391609318
24049	Xã Chư A Thai	52	Tỉnh Gia Lai	13.5702965	108.27687141913984
24061	Xã Ia Hiao	52	Tỉnh Gia Lai	13.4148215	108.32023431387785
24065	Xã Ia Rbol	52	Tỉnh Gia Lai	13.3387875	108.39078868270771
2407	Xã Thái Sơn	8	Tỉnh Tuyên Quang	21.993951	105.0697246056701
24073	Xã Ia Sao	52	Tỉnh Gia Lai	13.2831095	108.43849972526237
24076	Xã Phú Túc	52	Tỉnh Gia Lai	13.257924	108.78254166038374
24100	Xã Ia Dreh	52	Tỉnh Gia Lai	13.088097999999999	108.62605486955876
24109	Xã Uar	52	Tỉnh Gia Lai	13.235531	108.54785943060295
24112	Xã Ia Rsai	52	Tỉnh Gia Lai	13.341888	108.6688484465804
24121	Phường Tân Lập	66	Tỉnh Đắk Lắk	12.6579	108.10684257969127
24133	Phường Buôn Ma Thuột	66	Tỉnh Đắk Lắk	12.7009175	108.02219348338369
24154	Phường Thành Nhất	66	Tỉnh Đắk Lắk	12.6551625	107.9894895641892
24163	Phường Tân An	66	Tỉnh Đắk Lắk	12.726398	108.11339458864629
24169	Phường Ea Kao	66	Tỉnh Đắk Lắk	12.6101145	108.04375083002516
24175	Xã Hòa Phú	66	Tỉnh Đắk Lắk	12.622529499999999	107.95744769303977
24181	Xã Ea Drăng	66	Tỉnh Đắk Lắk	13.2154305	108.23413320815106
24184	Xã Ea H'Leo	66	Tỉnh Đắk Lắk	13.337610999999999	108.10287125904595
24187	Xã Ea Hiao	66	Tỉnh Đắk Lắk	13.2496365	108.33546216875024
2419	Xã Thái Hoà	8	Tỉnh Tuyên Quang	21.965116000000002	105.11494644587628
24193	Xã Ea Wy	66	Tỉnh Đắk Lắk	13.2146165	108.06622214699571
24208	Xã Ea Khăl	66	Tỉnh Đắk Lắk	13.135568	108.13025709086443
24211	Xã Ea Súp	66	Tỉnh Đắk Lắk	13.061861	107.89126796096866
24214	Xã Ia Lốp	66	Tỉnh Đắk Lắk	13.313478	107.7184741892157
24217	Xã Ea Rốk	66	Tỉnh Đắk Lắk	13.271567000000001	107.89848376890498
24221	Xã Ia Rvê	66	Tỉnh Đắk Lắk	13.228045999999999	107.66714181019651
24229	Xã Ea Bung	66	Tỉnh Đắk Lắk	13.1426825	107.67894956272147
24235	Xã Buôn Đôn	66	Tỉnh Đắk Lắk	12.933385	107.71815699999999
24241	Xã Ea Wer	66	Tỉnh Đắk Lắk	12.8293645	107.86986768248175
2425	Xã Hùng Đức	8	Tỉnh Tuyên Quang	21.890949	105.06465145281882
24250	Xã Ea Nuôl	66	Tỉnh Đắk Lắk	12.741419	107.9383902822733
24259	Xã Quảng Phú	66	Tỉnh Đắk Lắk	12.7916285	108.06973132074016
24265	Xã Ea Kiết	66	Tỉnh Đắk Lắk	12.9959485	108.03586396022727
24277	Xã Ea Tul	66	Tỉnh Đắk Lắk	12.9032665	108.15688473450498
24280	Xã Cư M'gar	66	Tỉnh Đắk Lắk	12.875173	108.07044599933467
24286	Xã Ea M'Droh	66	Tỉnh Đắk Lắk	12.860906499999999	107.97352398214285
24301	Xã Cuôr Đăng	66	Tỉnh Đắk Lắk	12.775034999999999	108.17807665477012
24305	Phường Buôn Hồ	66	Tỉnh Đắk Lắk	12.8960985	108.2458829360626
24310	Xã Krông Búk	66	Tỉnh Đắk Lắk	13.057830500000001	108.23261638340605
24313	Xã Cư Pơng	66	Tỉnh Đắk Lắk	13.045333	108.14781245721208
24316	Xã Pơng Drang	66	Tỉnh Đắk Lắk	12.9508845	108.2366964020658
24328	Xã Ea Drông	66	Tỉnh Đắk Lắk	12.862107	108.32008783978088
2434	Xã Lực Hành	8	Tỉnh Tuyên Quang	22.0100705	105.19243996775651
24340	Phường Cư Bao	66	Tỉnh Đắk Lắk	12.810407	108.25862632760197
24343	Xã Krông Năng	66	Tỉnh Đắk Lắk	12.9738255	108.33636655417178
24346	Xã Dliê Ya	66	Tỉnh Đắk Lắk	13.071591000000002	108.33894002904565
24352	Xã Tam Giang	66	Tỉnh Đắk Lắk	13.038972000000001	108.44249744364163
24364	Xã Phú Xuân	66	Tỉnh Đắk Lắk	12.919721	108.39091408136059
2437	Xã Kiến Thiết	8	Tỉnh Tuyên Quang	21.971791500000002	105.33720379935197
24373	Xã Ea Kar	66	Tỉnh Đắk Lắk	12.803088500000001	108.47330014140229
24376	Xã Ea Knốp	66	Tỉnh Đắk Lắk	12.897364	108.53409628970428
24400	Xã Ea Păl	66	Tỉnh Đắk Lắk	12.7298505	108.60852310988619
24403	Xã Ea Ô	66	Tỉnh Đắk Lắk	12.6522315	108.53230946293917
24406	Xã Cư Yang	66	Tỉnh Đắk Lắk	12.64423	108.63173020092461
24412	Xã M'Drắk	66	Tỉnh Đắk Lắk	12.789630500000001	108.70246319350282
24415	Xã Cư Prao	66	Tỉnh Đắk Lắk	12.861012500000001	108.64310648802817
24433	Xã Ea Riêng	66	Tỉnh Đắk Lắk	12.8066515	108.8665745496296
24436	Xã Cư M'ta	66	Tỉnh Đắk Lắk	12.727115999999999	108.86149811428572
24444	Xã Krông Á	66	Tỉnh Đắk Lắk	12.593840499999999	108.728108515625
24445	Xã Ea Trang	66	Tỉnh Đắk Lắk	12.61192	108.83698219407896
24448	Xã Krông Bông	66	Tỉnh Đắk Lắk	12.481685500000001	108.38993677212235
24454	Xã Dang Kang	66	Tỉnh Đắk Lắk	12.575239	108.32449451260504
24472	Xã Hòa Sơn	66	Tỉnh Đắk Lắk	12.4837805	108.25906275437063
24478	Xã Cư Pui	66	Tỉnh Đắk Lắk	12.512478999999999	108.52736666666667
24484	Xã Yang Mao	66	Tỉnh Đắk Lắk	12.4143285	108.57219102274614
2449	Xã Xuân Vân	8	Tỉnh Tuyên Quang	21.9472375	105.23182110435698
24490	Xã Krông Pắc	66	Tỉnh Đắk Lắk	12.702403	108.30897382619521
24496	Xã Ea Kly	66	Tỉnh Đắk Lắk	12.760798999999999	108.4063813240015
24502	Xã Ea Phê	66	Tỉnh Đắk Lắk	12.725385	108.36063668618581
24505	Xã Ea Knuếc	66	Tỉnh Đắk Lắk	12.694268000000001	108.19796831638418
24526	Xã Tân Tiến	66	Tỉnh Đắk Lắk	12.617422000000001	108.38460663487739
24529	Xã Vụ Bổn	66	Tỉnh Đắk Lắk	12.6166815	108.45142234756098
24538	Xã Krông Ana	66	Tỉnh Đắk Lắk	12.4527805	108.02487898813787
24540	Xã Ea Ning	66	Tỉnh Đắk Lắk	12.602961	108.22955973717949
24544	Xã Ea Ktur	66	Tỉnh Đắk Lắk	12.614775	108.12747466552511
2455	Xã Hùng Lợi	8	Tỉnh Tuyên Quang	21.928473500000003	105.48390483548387
24559	Xã Ea Na	66	Tỉnh Đắk Lắk	12.543244999999999	108.00307970989815
24561	Xã Dray Bhăng	66	Tỉnh Đắk Lắk	12.5440255	108.17470862212843
24568	Xã Dur Kmăl	66	Tỉnh Đắk Lắk	12.471879	108.1179909935065
2458	Xã Trung Sơn	8	Tỉnh Tuyên Quang	21.867886499999997	105.37409698644578
24580	Xã Liên Sơn Lắk	66	Tỉnh Đắk Lắk	12.3788995	108.33541816385406
24595	Xã Đắk Liêng	66	Tỉnh Đắk Lắk	12.3982805	108.08912007194967
24598	Xã Đắk Phơi	66	Tỉnh Đắk Lắk	12.313817499999999	108.22362790994177
24604	Xã Krông Nô	66	Tỉnh Đắk Lắk	12.237127000000001	108.20897389802954
24607	Xã Nam Ka	66	Tỉnh Đắk Lắk	12.3403455	108.0148356158621
24611	Phường Bắc Gia Nghĩa	68	Tỉnh Lâm Đồng	12.0536615	107.75806067871486
24615	Phường Nam Gia Nghĩa	68	Tỉnh Lâm Đồng	11.99542	107.66180731267809
24616	Xã Quảng Sơn	68	Tỉnh Lâm Đồng	12.1670655	107.87298166041667
24617	Phường Đông Gia Nghĩa	68	Tỉnh Lâm Đồng	11.951033500000001	107.73142287099057
24620	Xã Quảng Hòa	68	Tỉnh Lâm Đồng	12.163024	108.05490150594295
24631	Xã Quảng Khê	68	Tỉnh Lâm Đồng	11.924623	107.82647867578338
24637	Xã Tà Đùng	68	Tỉnh Lâm Đồng	11.9460665	107.98674691536692
24640	Xã Cư Jút	68	Tỉnh Lâm Đồng	12.5973875	107.85298221138953
24646	Xã Đắk Wil	68	Tỉnh Lâm Đồng	12.708071499999999	107.72969352741936
24649	Xã Nam Dong	68	Tỉnh Lâm Đồng	12.6397045	107.83588658644199
24664	Xã Đức Lập	68	Tỉnh Lâm Đồng	12.438812500000001	107.63974141253438
24670	Xã Đắk Mil	68	Tỉnh Lâm Đồng	12.5500525	107.764601690378
24678	Xã Đắk Sắk	68	Tỉnh Lâm Đồng	12.442033	107.71200485963456
24682	Xã Thuận An	68	Tỉnh Lâm Đồng	12.519806500000001	107.60624372635135
24688	Xã Krông Nô	68	Tỉnh Lâm Đồng	12.409892	107.78115503880426
24697	Xã Nam Đà	68	Tỉnh Lâm Đồng	12.494385000000001	107.90367413392856
2470	Xã Tân Long	8	Tỉnh Tuyên Quang	21.89287	105.2641442080292
24703	Xã Nâm Nung	68	Tỉnh Lâm Đồng	12.328774500000002	107.79280952379064
24712	Xã Quảng Phú	68	Tỉnh Lâm Đồng	12.281189999999999	107.9315235504587
24717	Xã Đức An	68	Tỉnh Lâm Đồng	12.237013999999999	107.57388728726698
24718	Xã Đắk Song	68	Tỉnh Lâm Đồng	12.3251975	107.66798740615548
24722	Xã Thuận Hạnh	68	Tỉnh Lâm Đồng	12.293683	107.50286347190661
2473	Xã Yên Sơn	8	Tỉnh Tuyên Quang	21.8567395	105.13260802249488
24730	Xã Trường Xuân	68	Tỉnh Lâm Đồng	12.148045	107.6683316409617
24733	Xã Kiến Đức	68	Tỉnh Lâm Đồng	11.922093499999999	107.54174638407676
24736	Xã Quảng Trực	68	Tỉnh Lâm Đồng	12.16995	107.31734322219859
24739	Xã Tuy Đức	68	Tỉnh Lâm Đồng	12.161046500000001	107.47368270416166
24748	Xã Quảng Tân	68	Tỉnh Lâm Đồng	12.038427500000001	107.43273810509388
24751	Xã Nhân Cơ	68	Tỉnh Lâm Đồng	11.9580845	107.59914315054348
24760	Xã Quảng Tín	68	Tỉnh Lâm Đồng	11.871973	107.46156459959758
24778	Phường Lâm Viên - Đà Lạt	68	Tỉnh Lâm Đồng	11.975287999999999	108.47314492256145
24781	Phường Xuân Hương - Đà Lạt	68	Tỉnh Lâm Đồng	11.905355	108.44850219474836
24787	Phường Cam Ly - Đà Lạt	68	Tỉnh Lâm Đồng	11.9295635	108.36500490543389
24805	Phường Xuân Trường - Đà Lạt	68	Tỉnh Lâm Đồng	11.897743	108.53971857854077
24820	Phường 2 Bảo Lộc	68	Tỉnh Lâm Đồng	11.5836995	107.7358289612676
24823	Phường 1 Bảo Lộc	68	Tỉnh Lâm Đồng	11.5684885	107.84601455370101
24829	Phường B'Lao	68	Tỉnh Lâm Đồng	11.5328665	107.81484999108086
24841	Phường 3 Bảo Lộc	68	Tỉnh Lâm Đồng	11.509336999999999	107.75612788235294
24846	Phường Lang Biang - Đà Lạt	68	Tỉnh Lâm Đồng	12.0514645	108.3918121968066
24848	Xã Lạc Dương	68	Tỉnh Lâm Đồng	12.1367855	108.61206288456285
24853	Xã Đam Rông 4	68	Tỉnh Lâm Đồng	12.164439999999999	108.33526560955403
24868	Xã Nam Ban Lâm Hà	68	Tỉnh Lâm Đồng	11.848131	108.36835597229822
24871	Xã Đinh Văn Lâm Hà	68	Tỉnh Lâm Đồng	11.768979	108.25323749016877
24875	Xã Đam Rông 3	68	Tỉnh Lâm Đồng	12.12333	108.12491697738025
24877	Xã Đam Rông 2	68	Tỉnh Lâm Đồng	12.061934	108.11111546909163
24883	Xã Nam Hà Lâm Hà	68	Tỉnh Lâm Đồng	11.890552	108.2691995484375
24886	Xã Đam Rông 1	68	Tỉnh Lâm Đồng	11.921813499999999	108.12881877824098
24895	Xã Phú Sơn Lâm Hà	68	Tỉnh Lâm Đồng	11.933164	108.21194679918034
24907	Xã Phúc Thọ Lâm Hà	68	Tỉnh Lâm Đồng	11.785529	108.0461452416557
24916	Xã Tân Hà Lâm Hà	68	Tỉnh Lâm Đồng	11.722265499999999	108.16598073643411
24931	Xã Đơn Dương	68	Tỉnh Lâm Đồng	11.738472	108.44379512567349
24934	Xã D'Ran	68	Tỉnh Lâm Đồng	11.8434795	108.61155323078893
2494	Xã Thái Bình	8	Tỉnh Tuyên Quang	21.8000765	105.30295702528302
24943	Xã Ka Đô	68	Tỉnh Lâm Đồng	11.742967499999999	108.57182562289327
24955	Xã Quảng Lập	68	Tỉnh Lâm Đồng	11.7031015	108.53097754910715
24958	Xã Đức Trọng	68	Tỉnh Lâm Đồng	11.6868205	108.35051760262355
24967	Xã Hiệp Thạnh	68	Tỉnh Lâm Đồng	11.809418	108.41874727766309
24976	Xã Tân Hội	68	Tỉnh Lâm Đồng	11.741968	108.2989569366428
24985	Xã Ninh Gia	68	Tỉnh Lâm Đồng	11.6114405	108.27577432586712
24988	Xã Tà Năng	68	Tỉnh Lâm Đồng	11.594487999999998	108.4905201625
24991	Xã Tà Hine	68	Tỉnh Lâm Đồng	11.565601000000001	108.36351782914954
25	Phường Giảng Võ	1	Thành phố Hà Nội	21.0265795	105.81670324999999
25000	Xã Di Linh	68	Tỉnh Lâm Đồng	11.547336000000001	108.03418549315069
25007	Xã Đinh Trang Thượng	68	Tỉnh Lâm Đồng	11.717092000000001	107.98948180106058
25015	Xã Gia Hiệp	68	Tỉnh Lâm Đồng	11.511477	108.22552692129631
25018	Xã Bảo Thuận	68	Tỉnh Lâm Đồng	11.491756500000001	108.14171951136561
25036	Xã Hòa Ninh	68	Tỉnh Lâm Đồng	11.556694499999999	107.94976846545134
25042	Xã Hòa Bắc	68	Tỉnh Lâm Đồng	11.4243235	107.94753533154298
25051	Xã Sơn Điền	68	Tỉnh Lâm Đồng	11.3433745	108.0659344751453
25054	Xã Bảo Lâm 1	68	Tỉnh Lâm Đồng	11.669481000000001	107.86318078998448
25057	Xã Bảo Lâm 5	68	Tỉnh Lâm Đồng	11.789553	107.65095992605634
25063	Xã Bảo Lâm 4	68	Tỉnh Lâm Đồng	11.764224	107.83058916916168
25084	Xã Bảo Lâm 2	68	Tỉnh Lâm Đồng	11.548658	107.90547378505393
2509	Phường Mỹ Lâm	8	Tỉnh Tuyên Quang	21.7643635	105.12326981222098
25093	Xã Bảo Lâm 3	68	Tỉnh Lâm Đồng	11.440335999999999	107.82107811032864
25099	Xã Đạ Huoai	68	Tỉnh Lâm Đồng	11.433441	107.52409218678162
25105	Xã Đạ Huoai 2	68	Tỉnh Lâm Đồng	11.461648	107.64662761311787
25114	Xã Đạ Huoai 3	68	Tỉnh Lâm Đồng	11.3834555	107.70886558037097
2512	Phường An Tường	8	Tỉnh Tuyên Quang	21.775257	105.23971331673764
25126	Xã Đạ Tẻh	68	Tỉnh Lâm Đồng	11.5927305	107.44212832420925
25135	Xã Đạ Tẻh 3	68	Tỉnh Lâm Đồng	11.606136	107.53789897019374
25138	Xã Đạ Tẻh 2	68	Tỉnh Lâm Đồng	11.532038	107.56948317079207
25159	Xã Cát Tiên	68	Tỉnh Lâm Đồng	11.5876325	107.38607946278826
25162	Xã Cát Tiên 3	68	Tỉnh Lâm Đồng	11.703842	107.4333489118267
25180	Xã Cát Tiên 2	68	Tỉnh Lâm Đồng	11.657748999999999	107.31065494330072
25195	Phường Bình Phước	75	Thành phố Đồng Nai	11.519174	106.89943707638774
25210	Phường Đồng Xoài	75	Thành phố Đồng Nai	11.5254915	106.81546056626706
25217	Phường Phước Long	75	Thành phố Đồng Nai	11.8214375	107.01346953294373
25220	Phường Phước Bình	75	Thành phố Đồng Nai	11.8287665	106.91503963417722
25222	Xã Bù Gia Mập	75	Thành phố Đồng Nai	12.132848500000001	107.17403371820987
25225	Xã Đăk Ơ	75	Thành phố Đồng Nai	12.073698499999999	107.05498656137308
25231	Xã Đa Kia	75	Thành phố Đồng Nai	11.90411	106.87387044380267
2524	Phường Bình Thuận	8	Tỉnh Tuyên Quang	21.721539999999997	105.22413797260705
25246	Xã Bình Tân	75	Thành phố Đồng Nai	11.797678000000001	106.8497082380656
25252	Xã Phú Riềng	75	Thành phố Đồng Nai	11.695781	106.93123972214389
25255	Xã Long Hà	75	Thành phố Đồng Nai	11.6937925	106.8110666821756
25261	Xã Phú Trung	75	Thành phố Đồng Nai	11.7134265	107.03184638844087
25267	Xã Phú Nghĩa	75	Thành phố Đồng Nai	11.922706999999999	107.01287772964422
25270	Xã Lộc Ninh	75	Thành phố Đồng Nai	11.824398500000001	106.65854274300416
25279	Xã Lộc Tấn	75	Thành phố Đồng Nai	11.8938175	106.52347908423292
25292	Xã Lộc Quang	75	Thành phố Đồng Nai	11.844006	106.72138915743223
2530	Xã Nhữ Khê	8	Tỉnh Tuyên Quang	21.701465499999998	105.17412749137932
25303	Xã Lộc Hưng	75	Thành phố Đồng Nai	11.783455	106.65482628380745
25308	Xã Thiện Hưng	75	Thành phố Đồng Nai	11.967115	106.80030897935103
25309	Xã Hưng Phước	75	Thành phố Đồng Nai	12.033881999999998	106.8688219861751
25318	Xã Tân Tiến	75	Thành phố Đồng Nai	11.934118000000002	106.69902153436166
25326	Phường Bình Long	75	Thành phố Đồng Nai	11.624832000000001	106.60410668884893
25333	Phường An Lộc	75	Thành phố Đồng Nai	11.6957035	106.58164506818181
25345	Xã Tân Hưng	75	Thành phố Đồng Nai	11.684819999999998	106.72879588926081
25349	Xã Minh Đức	75	Thành phố Đồng Nai	11.623076000000001	106.5191371890499
25351	Xã Tân Quan	75	Thành phố Đồng Nai	11.604752999999999	106.65725880717453
25357	Xã Tân Khai	75	Thành phố Đồng Nai	11.524851	106.5411613739343
2536	Xã Sơn Dương	8	Tỉnh Tuyên Quang	21.689203	105.41624447617693
25363	Xã Đồng Phú	75	Thành phố Đồng Nai	11.3938755	106.83264326934827
25378	Xã Tân Lợi	75	Thành phố Đồng Nai	11.415081	106.98133636092437
25387	Xã Thuận Lợi	75	Thành phố Đồng Nai	11.60325	106.86108514189189
25390	Xã Đồng Tâm	75	Thành phố Đồng Nai	11.5749365	107.02921654747664
25396	Xã Bù Đăng	75	Thành phố Đồng Nai	11.80393	107.22878410372832
25399	Xã Đak Nhau	75	Thành phố Đồng Nai	11.968134	107.21039135693641
25402	Xã Thọ Sơn	75	Thành phố Đồng Nai	11.872896	107.32817068531728
25405	Xã Bom Bo	75	Thành phố Đồng Nai	11.867429000000001	107.15270616741333
25417	Xã Nghĩa Trung	75	Thành phố Đồng Nai	11.682080500000001	107.11547614170773
25420	Xã Phước Sơn	75	Thành phố Đồng Nai	11.6409615	107.21337204584168
25432	Phường Chơn Thành	75	Thành phố Đồng Nai	11.4272655	106.65970510304192
25441	Phường Minh Hưng	75	Thành phố Đồng Nai	11.4446965	106.58214009950738
2545	Xã Tân Trào	8	Tỉnh Tuyên Quang	21.817917	105.45471412427668
25450	Xã Nha Bích	75	Thành phố Đồng Nai	11.513446	106.71637856486245
25459	Phường Tân Ninh	80	Tỉnh Tây Ninh	11.316421	106.10608540850673
2548	Xã Bình Ca	8	Tỉnh Tuyên Quang	21.7258565	105.30775916260001
25480	Phường Bình Minh	80	Tỉnh Tây Ninh	11.381272	106.13207536634846
25486	Xã Tân Biên	80	Tỉnh Tây Ninh	11.587658000000001	105.92541295127118
25489	Xã Tân Lập	80	Tỉnh Tây Ninh	11.684484000000001	106.04537140088013
25498	Xã Thạnh Bình	80	Tỉnh Tây Ninh	11.5396285	106.07119700872296
25510	Xã Trà Vong	80	Tỉnh Tây Ninh	11.437160500000001	106.05367682637572
25516	Xã Tân Châu	80	Tỉnh Tây Ninh	11.556765	106.15393372368464
25522	Xã Tân Đông	80	Tỉnh Tây Ninh	11.689972999999998	106.24633916146539
25525	Xã Tân Hội	80	Tỉnh Tây Ninh	11.631221499999999	106.16808883841898
25531	Xã Tân Hòa	80	Tỉnh Tây Ninh	11.574094	106.3766869712182
2554	Xã Minh Thanh	8	Tỉnh Tuyên Quang	21.760222499999998	105.40145237538344
25549	Xã Tân Phú	80	Tỉnh Tây Ninh	11.468726	106.16993643976684
25552	Xã Dương Minh Châu	80	Tỉnh Tây Ninh	11.3945755	106.26207115759215
25567	Phường Ninh Thạnh	80	Tỉnh Tây Ninh	11.327274	106.15537254594273
25573	Xã Cầu Khởi	80	Tỉnh Tây Ninh	11.301852	106.22376940479538
25579	Xã Lộc Ninh	80	Tỉnh Tây Ninh	11.318695	106.31645132445254
25585	Xã Châu Thành	80	Tỉnh Tây Ninh	11.3298495	106.0466156422429
25588	Xã Hảo Đước	80	Tỉnh Tây Ninh	11.364094999999999	105.98977382954546
25591	Xã Phước Vinh	80	Tỉnh Tây Ninh	11.446449	105.93517950809061
256	Phường Hai Bà Trưng	1	Thành phố Hà Nội	21.014239	105.85223512159091
25606	Xã Hòa Hội	80	Tỉnh Tây Ninh	11.3435685	105.92356836923076
25621	Xã Ninh Điền	80	Tỉnh Tây Ninh	11.2357825	105.98785192804161
25630	Phường Long Hoa	80	Tỉnh Tây Ninh	11.257959	106.17109659019287
25633	Phường Thanh Điền	80	Tỉnh Tây Ninh	11.267522	106.08031471764706
25645	Phường Hòa Thành	80	Tỉnh Tây Ninh	11.258668499999999	106.1167493816798
25654	Phường Gò Dầu	80	Tỉnh Tây Ninh	11.0733075	106.30184715079415
25657	Xã Thạnh Đức	80	Tỉnh Tây Ninh	11.211482499999999	106.20909966693573
25663	Xã Phước Thạnh	80	Tỉnh Tây Ninh	11.149836	106.26241722914261
25666	Xã Truông Mít	80	Tỉnh Tây Ninh	11.203474	106.30877104178242
25672	Phường Gia Lộc	80	Tỉnh Tây Ninh	11.0981295	106.33806995075759
25681	Xã Bến Cầu	80	Tỉnh Tây Ninh	11.1100285	106.1821929475086
25684	Xã Long Chữ	80	Tỉnh Tây Ninh	11.183770500000001	106.10836808559841
25702	Xã Long Thuận	80	Tỉnh Tây Ninh	11.123909	106.09735466783218
25708	Phường Trảng Bàng	80	Tỉnh Tây Ninh	11.026486	106.32231883201858
25711	Xã Hưng Thuận	80	Tỉnh Tây Ninh	11.165502	106.38508851637043
2572	Xã Đông Thọ	8	Tỉnh Tuyên Quang	21.6505365	105.28435955599443
25729	Xã Phước Chỉ	80	Tỉnh Tây Ninh	11.011944	106.23250686043681
25732	Phường An Tịnh	80	Tỉnh Tây Ninh	11.061021	106.4015785290585
25747	Phường Thủ Dầu Một	79	Thành phố Hồ Chí Minh	10.968150999999999	106.66433886420613
25750	Phường Phú Lợi	79	Thành phố Hồ Chí Minh	10.987578500000001	106.68057941
25760	Phường Bình Dương	79	Thành phố Hồ Chí Minh	11.054804	106.68906610878449
25768	Phường Phú An	79	Thành phố Hồ Chí Minh	11.048453	106.60173297652592
25771	Phường Chánh Hiệp	79	Thành phố Hồ Chí Minh	11.018523	106.64173166293847
25777	Xã Dầu Tiếng	79	Thành phố Hồ Chí Minh	11.332531	106.40261662124462
2578	Xã Tân Thanh	8	Tỉnh Tuyên Quang	21.626415	105.44510893514109
25780	Xã Minh Thạnh	79	Thành phố Hồ Chí Minh	11.443715000000001	106.46512439371048
25792	Xã Long Hòa	79	Thành phố Hồ Chí Minh	11.3276375	106.50877562662338
25813	Phường Bến Cát	79	Thành phố Hồ Chí Minh	11.204112	106.61542213117283
25819	Xã Trừ Văn Thố	79	Thành phố Hồ Chí Minh	11.340546	106.59280388827574
25822	Xã Bàu Bàng	79	Thành phố Hồ Chí Minh	11.2735005	106.60564218045249
25837	Phường Chánh Phú Hòa	79	Thành phố Hồ Chí Minh	11.188179	106.66993155516431
25840	Phường Long Nguyên	79	Thành phố Hồ Chí Minh	11.1679605	106.56186613717533
25843	Phường Tây Nam	79	Thành phố Hồ Chí Minh	11.13249	106.53342466273186
25846	Phường Thới Hòa	79	Thành phố Hồ Chí Minh	11.102864	106.62615973542692
25849	Phường Hòa Lợi	79	Thành phố Hồ Chí Minh	11.0835995	106.65667182605699
25858	Xã Phú Giáo	79	Thành phố Hồ Chí Minh	11.3071235	106.86100827202517
25864	Xã Phước Thành	79	Thành phố Hồ Chí Minh	11.3851125	106.7514985825826
25867	Xã An Long	79	Thành phố Hồ Chí Minh	11.3259335	106.68978058163265
25882	Xã Phước Hòa	79	Thành phố Hồ Chí Minh	11.253622	106.77332821480401
25888	Phường Tân Uyên	79	Thành phố Hồ Chí Minh	11.0914295	106.79900828218493
25891	Phường Tân Khánh	79	Thành phố Hồ Chí Minh	10.9997195	106.74047203972367
25906	Xã Bắc Tân Uyên	79	Thành phố Hồ Chí Minh	11.171189	106.86345601303657
25909	Xã Thường Tân	79	Thành phố Hồ Chí Minh	11.1048735	106.91944468943511
25912	Phường Vĩnh Tân	79	Thành phố Hồ Chí Minh	11.137937	106.698969502
25915	Phường Bình Cơ	79	Thành phố Hồ Chí Minh	11.1525155	106.74380556081529
25920	Phường Tân Hiệp	79	Thành phố Hồ Chí Minh	11.0618035	106.74314528127724
25942	Phường Dĩ An	79	Thành phố Hồ Chí Minh	10.900323499999999	106.75472099364724
25945	Phường Tân Đông Hiệp	79	Thành phố Hồ Chí Minh	10.946943000000001	106.75831634408343
25951	Phường Đông Hòa	79	Thành phố Hồ Chí Minh	10.8939475	106.79741373833333
25966	Phường Lái Thiêu	79	Thành phố Hồ Chí Minh	10.902520500000001	106.7027156682058
25969	Phường Thuận Giao	79	Thành phố Hồ Chí Minh	10.962663	106.70851554599213
25975	Phường An Phú	79	Thành phố Hồ Chí Minh	10.959464	106.7374283754899
25978	Phường Thuận An	79	Thành phố Hồ Chí Minh	10.9421915	106.68241300518292
25987	Phường Bình Hòa	79	Thành phố Hồ Chí Minh	10.901755999999999	106.72614430185911
25993	Phường Trảng Dài	75	Thành phố Đồng Nai	11.001286499999999	106.89667434835164
26005	Phường Hố Nai	75	Thành phố Đồng Nai	10.9641905	106.92512007659761
26017	Phường Tam Hiệp	75	Thành phố Đồng Nai	10.9510725	106.85813992741936
26020	Phường Long Bình	75	Thành phố Đồng Nai	10.945808499999998	106.90023578945531
26041	Phường Trấn Biên	75	Thành phố Đồng Nai	10.939917000000001	106.83731622708743
26068	Phường Biên Hòa	75	Thành phố Đồng Nai	10.9340115	106.8027909598745
2608	Xã Hồng Sơn	8	Tỉnh Tuyên Quang	21.58882	105.2819360639827
26080	Phường Long Khánh	75	Thành phố Đồng Nai	10.9259805	107.2697349729429
26089	Phường Bình Lộc	75	Thành phố Đồng Nai	10.9958955	107.21864661737806
26098	Phường Bảo Vinh	75	Thành phố Đồng Nai	10.9708545	107.28204758421053
26104	Phường Xuân Lập	75	Thành phố Đồng Nai	10.910681	107.19221381753087
2611	Xã Phú Lương	8	Tỉnh Tuyên Quang	21.5451335	105.39512029827799
26113	Phường Hàng Gòn	75	Thành phố Đồng Nai	10.8824655	107.20497271586207
26116	Xã Tân Phú	75	Thành phố Đồng Nai	11.2765935	107.44057584521565
26119	Xã Đak Lua	75	Thành phố Đồng Nai	11.458264499999999	107.32444474093816
26122	Xã Nam Cát Tiên	75	Thành phố Đồng Nai	11.379655	107.47804590498393
26134	Xã Tà Lài	75	Thành phố Đồng Nai	11.350005	107.39809596763203
26158	Xã Phú Lâm	75	Thành phố Đồng Nai	11.3009725	107.49470147826179
26170	Xã Trị An	75	Thành phố Đồng Nai	11.2165035	107.05463486848305
26173	Xã Phú Lý	75	Thành phố Đồng Nai	11.375842500000001	107.13479616161615
26179	Xã Tân An	75	Thành phố Đồng Nai	11.032780500000001	106.97156626240461
26188	Phường Tân Triều	75	Thành phố Đồng Nai	11.0108565	106.81784288246163
2620	Xã Sơn Thuỷ	8	Tỉnh Tuyên Quang	21.5682895	105.49307396031418
26206	Xã Định Quán	75	Thành phố Đồng Nai	11.14638	107.35873008786612
26209	Xã Thanh Sơn	75	Thành phố Đồng Nai	11.294763	107.24870463265307
26215	Xã Phú Vinh	75	Thành phố Đồng Nai	11.257332	107.36205449163569
26221	Xã Phú Hòa	75	Thành phố Đồng Nai	11.2138645	107.4220039193886
26227	Xã La Ngà	75	Thành phố Đồng Nai	11.1485655	107.22257211105581
2623	Xã Trường Sinh	8	Tỉnh Tuyên Quang	21.5627045	105.31608159509202
26248	Xã Trảng Bom	75	Thành phố Đồng Nai	10.9680705	107.01142650754645
26254	Xã Bàu Hàm	75	Thành phố Đồng Nai	11.026552500000001	107.07785635795454
26278	Xã Bình Minh	75	Thành phố Đồng Nai	10.9669445	106.96347229452056
26281	Xã Hưng Thịnh	75	Thành phố Đồng Nai	10.931884	107.0660862218682
26296	Xã An Viễn	75	Thành phố Đồng Nai	10.907994500000001	107.01204660116278
26299	Xã Thống Nhất	75	Thành phố Đồng Nai	11.1066585	107.14895797460562
26311	Xã Gia Kiệm	75	Thành phố Đồng Nai	11.012326999999999	107.14835224641911
26326	Xã Dầu Giây	75	Thành phố Đồng Nai	10.922952500000001	107.13295237886598
26332	Xã Xuân Quế	75	Thành phố Đồng Nai	10.849461	107.1412453348837
26341	Xã Cẩm Mỹ	75	Thành phố Đồng Nai	10.8069065	107.26680003709527
26347	Xã Xuân Đường	75	Thành phố Đồng Nai	10.786480000000001	107.15312442186544
26359	Xã Xuân Đông	75	Thành phố Đồng Nai	10.8065765	107.36391958976937
26362	Xã Sông Ray	75	Thành phố Đồng Nai	10.7167395	107.33034074849138
26368	Xã Long Thành	75	Thành phố Đồng Nai	10.7824645	107.01036291964832
26374	Phường Tam Phước	75	Thành phố Đồng Nai	10.863824000000001	106.93703272546013
26377	Phường Phước Tân	75	Thành phố Đồng Nai	10.8918085	106.92087680743242
26380	Phường Long Hưng	75	Thành phố Đồng Nai	10.873752	106.86548117991632
26383	Xã An Phước	75	Thành phố Đồng Nai	10.822982	106.92630851665575
26389	Xã Bình An	75	Thành phố Đồng Nai	10.835167	107.02336588380282
26413	Xã Long Phước	75	Thành phố Đồng Nai	10.71764	107.00187063652024
26422	Xã Phước Thái	75	Thành phố Đồng Nai	10.6820225	107.06924628087228
26425	Xã Xuân Lộc	75	Thành phố Đồng Nai	10.9287535	107.38794980152977
26428	Xã Xuân Bắc	75	Thành phố Đồng Nai	11.045043	107.29864046
26434	Xã Xuân Thành	75	Thành phố Đồng Nai	11.009868999999998	107.41190379806386
26446	Xã Xuân Hòa	75	Thành phố Đồng Nai	10.874891	107.48542824813713
26458	Xã Xuân Phú	75	Thành phố Đồng Nai	10.891246500000001	107.32931399560118
26461	Xã Xuân Định	75	Thành phố Đồng Nai	10.876417	107.29017220441528
2647	Phường Lào Cai	15	Tỉnh Lào Cai	22.5063935	104.00499877009588
26485	Xã Nhơn Trạch	75	Thành phố Đồng Nai	10.7365675	106.90097596538783
26491	Xã Đại Phước	75	Thành phố Đồng Nai	10.7033105	106.78822007135344
26503	Xã Phước An	75	Thành phố Đồng Nai	10.655489	106.93786483685801
26506	Phường Vũng Tàu	79	Thành phố Hồ Chí Minh	10.3537865	107.07430185241051
26526	Phường Tam Thắng	79	Thành phố Hồ Chí Minh	10.368532	107.09735591410355
26536	Phường Rạch Dừa	79	Thành phố Hồ Chí Minh	10.391011500000001	107.10915879268248
26542	Phường Phước Thắng	79	Thành phố Hồ Chí Minh	10.424763500000001	107.1670894565093
26545	Xã Long Sơn	79	Thành phố Hồ Chí Minh	10.449398500000001	107.10390969687501
26560	Phường Bà Rịa	79	Thành phố Hồ Chí Minh	10.494981	107.18496599193304
26566	Phường Long Hương	79	Thành phố Hồ Chí Minh	10.5072465	107.14764194442787
26572	Phường Tam Long	79	Thành phố Hồ Chí Minh	10.528925999999998	107.2151733144176
26575	Xã Ngãi Giao	79	Thành phố Hồ Chí Minh	10.6226355	107.20947150721472
26584	Xã Xuân Sơn	79	Thành phố Hồ Chí Minh	10.6173885	107.33236105504508
26590	Xã Bình Giã	79	Thành phố Hồ Chí Minh	10.679126	107.28694908460491
26596	Xã Châu Đức	79	Thành phố Hồ Chí Minh	10.7278025	107.21318346853943
26608	Xã Kim Long	79	Thành phố Hồ Chí Minh	10.6741335	107.2143715338983
26617	Xã Nghĩa Thành	79	Thành phố Hồ Chí Minh	10.583234000000001	107.26369332653061
26620	Xã Hồ Tràm	79	Thành phố Hồ Chí Minh	10.5205905	107.39975078206452
26632	Xã Xuyên Mộc	79	Thành phố Hồ Chí Minh	10.551135500000001	107.45884969436925
26638	Xã Bàu Lâm	79	Thành phố Hồ Chí Minh	10.7371625	107.41817105934344
26641	Xã Hòa Hội	79	Thành phố Hồ Chí Minh	10.627754	107.42589720451053
26647	Xã Hòa Hiệp	79	Thành phố Hồ Chí Minh	10.7078885	107.49440542086944
26656	Xã Bình Châu	79	Thành phố Hồ Chí Minh	10.5783135	107.54004360551703
26659	Xã Long Điền	79	Thành phố Hồ Chí Minh	10.469013	107.2203678381102
26662	Xã Long Hải	79	Thành phố Hồ Chí Minh	10.4074325	107.21243143105639
26680	Xã Đất Đỏ	79	Thành phố Hồ Chí Minh	10.517949	107.3070576134356
26686	Xã Phước Hải	79	Thành phố Hồ Chí Minh	10.438997	107.28170929084382
26704	Phường Phú Mỹ	79	Thành phố Hồ Chí Minh	10.601809	107.05238890625
2671	Phường Cam Đường	15	Tỉnh Lào Cai	22.427646	104.00973437784091
26710	Phường Tân Hải	79	Thành phố Hồ Chí Minh	10.5144695	107.10728441935484
26713	Phường Tân Phước	79	Thành phố Hồ Chí Minh	10.527922	107.05264089753165
26725	Phường Tân Thành	79	Thành phố Hồ Chí Minh	10.665626	107.136793195
26728	Xã Châu Pha	79	Thành phố Hồ Chí Minh	10.580738499999999	107.13399112671233
26732	Đặc khu Côn Đảo	79	Thành phố Hồ Chí Minh	8.700553	106.61619968662339
26737	Phường Tân Định	79	Thành phố Hồ Chí Minh	10.791246000000001	106.69392513167581
26740	Phường Sài Gòn	79	Thành phố Hồ Chí Minh	10.778593	106.70254024689265
26743	Phường Bến Thành	79	Thành phố Hồ Chí Minh	10.7722155	106.69435020173934
26758	Phường Cầu Ông Lãnh	79	Thành phố Hồ Chí Minh	10.7609745	106.689897221875
26767	Phường An Phú Đông	79	Thành phố Hồ Chí Minh	10.867138	106.690429
26773	Phường Thới An	79	Thành phố Hồ Chí Minh	10.878591	106.6635415177725
26782	Phường Tân Thới Hiệp	79	Thành phố Hồ Chí Minh	10.8733975	106.64056128663003
26785	Phường Trung Mỹ Tây	79	Thành phố Hồ Chí Minh	10.859926	106.62091120074626
26791	Phường Đông Hưng Thuận	79	Thành phố Hồ Chí Minh	10.837584499999998	106.62103901665688
2680	Xã Hợp Thành	15	Tỉnh Lào Cai	22.3753815	103.9743106382958
26800	Phường Linh Xuân	79	Thành phố Hồ Chí Minh	10.8715635	106.7711178209607
26803	Phường Tam Bình	79	Thành phố Hồ Chí Minh	10.870801499999999	106.73576135336539
26809	Phường Hiệp Bình	79	Thành phố Hồ Chí Minh	10.846620999999999	106.71813335017889
26824	Phường Thủ Đức	79	Thành phố Hồ Chí Minh	10.8372165	106.7532161182872
2683	Xã Bát Xát	15	Tỉnh Lào Cai	22.5205965	103.86706884422111
26833	Phường Long Bình	79	Thành phố Hồ Chí Minh	10.8628605	106.83038047515163
26842	Phường Tăng Nhơn Phú	79	Thành phố Hồ Chí Minh	10.84295	106.79265827782116
26848	Phường Phước Long	79	Thành phố Hồ Chí Minh	10.817653	106.77307539073634
26857	Phường Long Phước	79	Thành phố Hồ Chí Minh	10.803054	106.85899155201545
2686	Xã A Mú Sung	15	Tỉnh Lào Cai	22.733839500000002	103.66209179368931
26860	Phường Long Trường	79	Thành phố Hồ Chí Minh	10.7931745	106.80953490740741
26876	Phường An Nhơn	79	Thành phố Hồ Chí Minh	10.8362725	106.68581366780822
26878	Phường An Hội Đông	79	Thành phố Hồ Chí Minh	10.849632	106.66634173652695
26882	Phường An Hội Tây	79	Thành phố Hồ Chí Minh	10.8445015	106.6371083380356
26884	Phường Gò Vấp	79	Thành phố Hồ Chí Minh	10.8391535	106.67513894999999
26890	Phường Hạnh Thông	79	Thành phố Hồ Chí Minh	10.8221875	106.68084233070175
26898	Phường Thông Tây Hội	79	Thành phố Hồ Chí Minh	10.8411545	106.65484000326796
26905	Phường Bình Lợi Trung	79	Thành phố Hồ Chí Minh	10.822181	106.70264585963179
26911	Phường Bình Quới	79	Thành phố Hồ Chí Minh	10.822003500000001	106.73854109564041
26929	Phường Bình Thạnh	79	Thành phố Hồ Chí Minh	10.811694500000002	106.70491807894737
26944	Phường Gia Định	79	Thành phố Hồ Chí Minh	10.801427499999999	106.70172289680852
2695	Xã Trịnh Tường	15	Tỉnh Lào Cai	22.6378805	103.7439230139062
26956	Phường Thạnh Mỹ Tây	79	Thành phố Hồ Chí Minh	10.7998265	106.71915018377149
26968	Phường Tân Sơn Nhất	79	Thành phố Hồ Chí Minh	10.8009765	106.65791014816125
26977	Phường Tân Sơn Hòa	79	Thành phố Hồ Chí Minh	10.805250000000001	106.66687281501183
26983	Phường Bảy Hiền	79	Thành phố Hồ Chí Minh	10.7921135	106.64850847049689
26995	Phường Tân Hòa	79	Thành phố Hồ Chí Minh	10.7797475	106.65391153010347
27004	Phường Tân Bình	79	Thành phố Hồ Chí Minh	10.7983035	106.64235261044522
27007	Phường Tân Sơn	79	Thành phố Hồ Chí Minh	10.8218735	106.65180587192981
2701	Xã Y Tý	15	Tỉnh Lào Cai	22.661551	103.61872847747094
27013	Phường Tây Thạnh	79	Thành phố Hồ Chí Minh	10.814071	106.62062474297502
27019	Phường Tân Sơn Nhì	79	Thành phố Hồ Chí Minh	10.801298	106.62389906154922
27022	Phường Phú Thọ Hòa	79	Thành phố Hồ Chí Minh	10.788242	106.6290640460192
27028	Phường Phú Thạnh	79	Thành phố Hồ Chí Minh	10.771588999999999	106.62699652473498
27031	Phường Tân Phú	79	Thành phố Hồ Chí Minh	10.773156	106.63754895544183
27043	Phường Đức Nhuận	79	Thành phố Hồ Chí Minh	10.806638	106.67683488466866
27058	Phường Cầu Kiệu	79	Thành phố Hồ Chí Minh	10.797607500000002	106.6856543024354
2707	Xã Dền Sáng	15	Tỉnh Lào Cai	22.5722305	103.65549324014084
27073	Phường Phú Nhuận	79	Thành phố Hồ Chí Minh	10.793974500000001	106.67331738601035
27094	Phường An Khánh	79	Thành phố Hồ Chí Minh	10.789544	106.73783772586134
27097	Phường Bình Trưng	79	Thành phố Hồ Chí Minh	10.793904999999999	106.76671130719237
27112	Phường Cát Lái	79	Thành phố Hồ Chí Minh	10.7623705	106.77782820065353
27139	Phường Xuân Hòa	79	Thành phố Hồ Chí Minh	10.7826585	106.69077711809686
27142	Phường Nhiêu Lộc	79	Thành phố Hồ Chí Minh	10.784583999999999	106.67645890188402
27154	Phường Bàn Cờ	79	Thành phố Hồ Chí Minh	10.770905500000001	106.68193954770318
27163	Phường Hòa Hưng	79	Thành phố Hồ Chí Minh	10.777250500000001	106.6718431778494
27169	Phường Diên Hồng	79	Thành phố Hồ Chí Minh	10.770284	106.66207962676056
27190	Phường Vườn Lài	79	Thành phố Hồ Chí Minh	10.7688725	106.67225451397059
27211	Phường Hòa Bình	79	Thành phố Hồ Chí Minh	10.770299999999999	106.64503207
27226	Phường Phú Thọ	79	Thành phố Hồ Chí Minh	10.768584	106.65504597371823
27232	Phường Bình Thới	79	Thành phố Hồ Chí Minh	10.763730500000001	106.64255535392535
27238	Phường Minh Phụng	79	Thành phố Hồ Chí Minh	10.7586215	106.65590222978989
2725	Xã Bản Xèo	15	Tỉnh Lào Cai	22.5163595	103.76690948394673
27259	Phường Xóm Chiếu	79	Thành phố Hồ Chí Minh	10.760886	106.71276076845638
27265	Phường Khánh Hội	79	Thành phố Hồ Chí Minh	10.758870000000002	106.70507351468927
2728	Xã Mường Hum	15	Tỉnh Lào Cai	22.469518	103.65141002631579
27286	Phường Vĩnh Hội	79	Thành phố Hồ Chí Minh	10.756782000000001	106.69567023258345
27301	Phường Chợ Quán	79	Thành phố Hồ Chí Minh	10.7582415	106.68008997534834
27316	Phường An Đông	79	Thành phố Hồ Chí Minh	10.7549665	106.67154372029702
27343	Phường Chợ Lớn	79	Thành phố Hồ Chí Minh	10.752644	106.65868271278458
27349	Phường Phú Lâm	79	Thành phố Hồ Chí Minh	10.753765	106.63064979052632
27364	Phường Bình Phú	79	Thành phố Hồ Chí Minh	10.7379195	106.62804100878594
27367	Phường Bình Tây	79	Thành phố Hồ Chí Minh	10.7505475	106.64623731958392
27373	Phường Bình Tiên	79	Thành phố Hồ Chí Minh	10.7410855	106.64042986738056
27418	Phường Chánh Hưng	79	Thành phố Hồ Chí Minh	10.742314	106.67670374851042
27424	Phường Bình Đông	79	Thành phố Hồ Chí Minh	10.716567000000001	106.6338467936872
27427	Phường Phú Định	79	Thành phố Hồ Chí Minh	10.727924	106.62986253410098
27439	Phường Bình Hưng Hòa	79	Thành phố Hồ Chí Minh	10.801276	106.604469866836
27442	Phường Bình Tân	79	Thành phố Hồ Chí Minh	10.792686	106.5902901216673
27448	Phường Bình Trị Đông	79	Thành phố Hồ Chí Minh	10.768472500000001	106.60688895005222
27457	Phường Tân Tạo	79	Thành phố Hồ Chí Minh	10.7436315	106.57829587794613
2746	Xã Cốc San	15	Tỉnh Lào Cai	22.461078999999998	103.92463178833906
27460	Phường An Lạc	79	Thành phố Hồ Chí Minh	10.734577999999999	106.61195432154716
27475	Phường Tân Hưng	79	Thành phố Hồ Chí Minh	10.735669	106.70423699815271
27478	Phường Tân Thuận	79	Thành phố Hồ Chí Minh	10.757827500000001	106.73582512219039
27484	Phường Phú Thuận	79	Thành phố Hồ Chí Minh	10.724655	106.74516531600798
27487	Phường Tân Mỹ	79	Thành phố Hồ Chí Minh	10.717921	106.7305759667603
27496	Xã Tân An Hội	79	Thành phố Hồ Chí Minh	10.970347	106.46511905044699
27508	Xã An Nhơn Tây	79	Thành phố Hồ Chí Minh	11.1018445	106.4814114831579
27511	Xã Nhuận Đức	79	Thành phố Hồ Chí Minh	11.030686500000002	106.49858753342144
2752	Xã Pha Long	15	Tỉnh Lào Cai	22.774922	104.21575805784819
27526	Xã Thái Mỹ	79	Thành phố Hồ Chí Minh	11.036437	106.43458831772574
27541	Xã Phú Hòa Đông	79	Thành phố Hồ Chí Minh	10.988783999999999	106.55619198110466
27544	Xã Bình Mỹ	79	Thành phố Hồ Chí Minh	10.980093	106.61010865364517
27553	Xã Củ Chi	79	Thành phố Hồ Chí Minh	10.961606	106.53352471298747
27559	Xã Hóc Môn	79	Thành phố Hồ Chí Minh	10.8967585	106.59113905192936
27568	Xã Đông Thạnh	79	Thành phố Hồ Chí Minh	10.898044500000001	106.63611073678415
27577	Xã Xuân Thới Sơn	79	Thành phố Hồ Chí Minh	10.8882215	106.55688080549615
27592	Xã Bà Điểm	79	Thành phố Hồ Chí Minh	10.8516175	106.56966213033965
27595	Xã Tân Nhựt	79	Thành phố Hồ Chí Minh	10.707889000000002	106.56751792402792
27601	Xã Vĩnh Lộc	79	Thành phố Hồ Chí Minh	10.83786	106.54698927370171
27604	Xã Tân Vĩnh Lộc	79	Thành phố Hồ Chí Minh	10.798841	106.5450270014199
2761	Xã Mường Khương	15	Tỉnh Lào Cai	22.7303645	104.09845337037038
27610	Xã Bình Lợi	79	Thành phố Hồ Chí Minh	10.7522795	106.51532779782238
27619	Xã Bình Hưng	79	Thành phố Hồ Chí Minh	10.7050815	106.652389403754
27628	Xã Hưng Long	79	Thành phố Hồ Chí Minh	10.659295	106.64553620813953
27637	Xã Bình Chánh	79	Thành phố Hồ Chí Minh	10.672995499999999	106.59627919768161
27655	Xã Nhà Bè	79	Thành phố Hồ Chí Minh	10.695207	106.71492677355835
27658	Xã Hiệp Phước	79	Thành phố Hồ Chí Minh	10.6349565	106.75117394426684
27664	Xã Cần Giờ	79	Thành phố Hồ Chí Minh	10.4543455	106.90058786261582
27667	Xã Bình Khánh	79	Thành phố Hồ Chí Minh	10.5954265	106.87915095709953
27673	Xã An Thới Đông	79	Thành phố Hồ Chí Minh	10.507211	106.80662115027323
27694	Phường Long An	80	Tỉnh Tây Ninh	10.5433235	106.40969110714286
27712	Phường Tân An	80	Tỉnh Tây Ninh	10.525383	106.43679826603174
27715	Phường Khánh Hậu	80	Tỉnh Tây Ninh	10.518133500000001	106.37878352285325
27721	Xã Tân Hưng	80	Tỉnh Tây Ninh	10.810533	105.72320876265823
27727	Xã Hưng Điền	80	Tỉnh Tây Ninh	10.9289895	105.60026781681402
27736	Xã Vĩnh Thạnh	80	Tỉnh Tây Ninh	10.844126	105.62863395658978
27748	Xã Vĩnh Châu	80	Tỉnh Tây Ninh	10.7286445	105.75707963123236
27757	Xã Vĩnh Hưng	80	Tỉnh Tây Ninh	10.8898975	105.78150146173999
27763	Xã Khánh Hưng	80	Tỉnh Tây Ninh	10.969484999999999	105.72573898302025
27775	Xã Tuyên Bình	80	Tỉnh Tây Ninh	10.8359715	105.841509541025
27787	Phường Kiến Tường	80	Tỉnh Tây Ninh	10.7569775	105.94059691485508
27793	Xã Bình Hiệp	80	Tỉnh Tây Ninh	10.8433875	105.98124243716111
27811	Xã Bình Hòa	80	Tỉnh Tây Ninh	10.774552499999999	106.01457261235956
27817	Xã Tuyên Thạnh	80	Tỉnh Tây Ninh	10.751717	105.87351144950213
2782	Xã Cao Sơn	15	Tỉnh Lào Cai	22.6242105	104.15290221656346
27823	Xã Mộc Hóa	80	Tỉnh Tây Ninh	10.718086	106.05071587484588
27838	Xã Nhơn Hòa Lập	80	Tỉnh Tây Ninh	10.639936	105.95929691391211
27841	Xã Hậu Thạnh	80	Tỉnh Tây Ninh	10.649182499999998	105.85958535175273
27856	Xã Nhơn Ninh	80	Tỉnh Tây Ninh	10.571276000000001	105.94743184340435
27865	Xã Thạnh Hóa	80	Tỉnh Tây Ninh	10.6265035	106.14246441052737
27868	Xã Bình Thành	80	Tỉnh Tây Ninh	10.7613765	106.17575128225806
27877	Xã Thạnh Phước	80	Tỉnh Tây Ninh	10.700113	106.14954463732809
2788	Xã Bản Lầu	15	Tỉnh Lào Cai	22.596684500000002	104.06241364016819
27889	Xã Tân Tây	80	Tỉnh Tây Ninh	10.632157500000002	106.25613477583587
27898	Xã Đông Thành	80	Tỉnh Tây Ninh	10.86946	106.25369340134024
27907	Xã Mỹ Quý	80	Tỉnh Tây Ninh	10.9358945	106.22444766179237
27925	Xã Đức Huệ	80	Tỉnh Tây Ninh	10.8044555	106.31722592292648
27931	Xã Hậu Nghĩa	80	Tỉnh Tây Ninh	10.9328235	106.40581578188126
27937	Xã Đức Hòa	80	Tỉnh Tây Ninh	10.7905285	106.46696079919622
27943	Xã An Ninh	80	Tỉnh Tây Ninh	10.976964	106.31483272799295
27952	Xã Hiệp Hòa	80	Tỉnh Tây Ninh	10.9163735	106.33453464881457
27964	Xã Đức Lập	80	Tỉnh Tây Ninh	10.905902000000001	106.4734708894799
27976	Xã Mỹ Hạnh	80	Tỉnh Tây Ninh	10.8365405	106.49128706913405
27979	Xã Hòa Khánh	80	Tỉnh Tây Ninh	10.8506425	106.38758484284685
27991	Xã Bến Lức	80	Tỉnh Tây Ninh	10.662737	106.4847762302866
27994	Xã Thạnh Lợi	80	Tỉnh Tây Ninh	10.741292999999999	106.40657747079861
28003	Xã Lương Hòa	80	Tỉnh Tây Ninh	10.700946	106.45244762427242
28015	Xã Bình Đức	80	Tỉnh Tây Ninh	10.6424395	106.4436952362776
28018	Xã Mỹ Yên	80	Tỉnh Tây Ninh	10.646679500000001	106.53620728125287
28036	Xã Thủ Thừa	80	Tỉnh Tây Ninh	10.6045345	106.41436924581939
28051	Xã Mỹ Thạnh	80	Tỉnh Tây Ninh	10.636584	106.3536066823489
28066	Xã Mỹ An	80	Tỉnh Tây Ninh	10.579787499999998	106.32408690508119
28072	Xã Tân Long	80	Tỉnh Tây Ninh	10.7105295	106.30336262687759
28075	Xã Tân Trụ	80	Tỉnh Tây Ninh	10.524506500000001	106.49511700337837
28087	Xã Nhựt Tảo	80	Tỉnh Tây Ninh	10.5664375	106.48201236675825
2809	Xã Si Ma Cai	15	Tỉnh Lào Cai	22.6774135	104.28422019869942
28093	Xã Vàm Cỏ	80	Tỉnh Tây Ninh	10.507266000000001	106.53956023863637
28108	Xã Cần Đước	80	Tỉnh Tây Ninh	10.487618000000001	106.58908332843137
28114	Xã Rạch Kiến	80	Tỉnh Tây Ninh	10.608562	106.57122367710583
28126	Xã Long Cang	80	Tỉnh Tây Ninh	10.592427	106.52181912841192
28132	Xã Mỹ Lệ	80	Tỉnh Tây Ninh	10.560417000000001	106.56698620878475
28138	Xã Tân Lân	80	Tỉnh Tây Ninh	10.502483	106.63899673165137
28144	Xã Long Hựu	80	Tỉnh Tây Ninh	10.4762645	106.68419876421714
28159	Xã Cần Giuộc	80	Tỉnh Tây Ninh	10.615062	106.68827852177778
28165	Xã Phước Lý	80	Tỉnh Tây Ninh	10.631368	106.60723991404078
28177	Xã Mỹ Lộc	80	Tỉnh Tây Ninh	10.593992	106.62271149159805
28201	Xã Phước Vĩnh Tây	80	Tỉnh Tây Ninh	10.551962	106.66127178507078
28207	Xã Tân Tập	80	Tỉnh Tây Ninh	10.5436515	106.70798889325692
28210	Xã Tầm Vu	80	Tỉnh Tây Ninh	10.473703	106.47859415625001
28222	Xã Vĩnh Công	80	Tỉnh Tây Ninh	10.499132	106.44359749927725
28225	Xã Thuận Mỹ	80	Tỉnh Tây Ninh	10.457599	106.54873781183207
2824	Xã Sín Chéng	15	Tỉnh Lào Cai	22.662666	104.20906671628441
28243	Xã An Lục Long	80	Tỉnh Tây Ninh	10.423019	106.46249895289512
28249	Phường Đạo Thạnh	82	Tỉnh Đồng Tháp	10.3762235	106.36093685423634
28261	Phường Mỹ Tho	82	Tỉnh Đồng Tháp	10.3507165	106.37124245570388
28270	Phường Thới Sơn	82	Tỉnh Đồng Tháp	10.340328	106.34975139463
28273	Phường Mỹ Phong	82	Tỉnh Đồng Tháp	10.370896	106.38666581737589
28285	Phường Trung An	82	Tỉnh Đồng Tháp	10.370181500000001	106.32521235533707
28297	Phường Long Thuận	82	Tỉnh Đồng Tháp	10.3626105	106.69378291990253
283	Phường Vĩnh Tuy	1	Thành phố Hà Nội	20.997819	105.86784903625716
28306	Phường Gò Công	82	Tỉnh Đồng Tháp	10.353848	106.66886287697568
28315	Phường Bình Xuân	82	Tỉnh Đồng Tháp	10.403280500000001	106.64051216058394
28321	Xã Tân Phước 1	82	Tỉnh Đồng Tháp	10.5253765	106.2135556715611
28327	Xã Tân Phước 2	82	Tỉnh Đồng Tháp	10.526935	106.14466413929314
28336	Xã Hưng Thạnh	82	Tỉnh Đồng Tháp	10.5280785	106.29242515091013
28345	Xã Tân Phước 3	82	Tỉnh Đồng Tháp	10.4733545	106.26341108579196
28360	Xã Cái Bè	82	Tỉnh Đồng Tháp	10.3625715	105.99723118307944
28366	Xã Hậu Mỹ	82	Tỉnh Đồng Tháp	10.4719055	105.97043515365519
28378	Xã Mỹ Thiện	82	Tỉnh Đồng Tháp	10.4370795	105.91951556347334
2839	Xã Bắc Hà	15	Tỉnh Lào Cai	22.524775499999997	104.3101956
28393	Xã Hội Cư	82	Tỉnh Đồng Tháp	10.407743	106.00429311750788
28405	Xã Mỹ Đức Tây	82	Tỉnh Đồng Tháp	10.364726000000001	105.93577112110418
28414	Xã Mỹ Lợi	82	Tỉnh Đồng Tháp	10.373292	105.88121722663561
2842	Xã Tả Củ Tỷ	15	Tỉnh Lào Cai	22.626316	104.39386029765012
28426	Xã Thanh Hưng	82	Tỉnh Đồng Tháp	10.335908	105.85972437757268
28429	Xã An Hữu	82	Tỉnh Đồng Tháp	10.3062225	105.9098464702486
28435	Phường Mỹ Phước Tây	82	Tỉnh Đồng Tháp	10.452217000000001	106.12660822405189
28436	Phường Thanh Hòa	82	Tỉnh Đồng Tháp	10.421327000000002	106.10905074319167
28439	Phường Cai Lậy	82	Tỉnh Đồng Tháp	10.381875	106.12405604904029
28444	Xã Thạnh Phú	82	Tỉnh Đồng Tháp	10.4918905	106.05838370242395
28456	Xã Mỹ Thành	82	Tỉnh Đồng Tháp	10.463888	106.02542540288661
28468	Xã Tân Phú	82	Tỉnh Đồng Tháp	10.442940499999999	106.16950989802788
28471	Xã Bình Phú	82	Tỉnh Đồng Tháp	10.396700500000001	106.06809687110257
28477	Phường Nhị Quý	82	Tỉnh Đồng Tháp	10.398931999999999	106.16751940328913
2848	Xã Lùng Phình	15	Tỉnh Lào Cai	22.620594	104.32646691769705
28501	Xã Hiệp Đức	82	Tỉnh Đồng Tháp	10.326351500000001	106.07508890182928
28504	Xã Long Tiên	82	Tỉnh Đồng Tháp	10.3426465	106.14258743815789
28516	Xã Ngũ Hiệp	82	Tỉnh Đồng Tháp	10.311498	106.15972109988498
28519	Xã Châu Thành	82	Tỉnh Đồng Tháp	10.434035999999999	106.3307192000839
28525	Xã Tân Hương	82	Tỉnh Đồng Tháp	10.4854725	106.34772442105263
28537	Xã Long Hưng	82	Tỉnh Đồng Tháp	10.395586999999999	106.27408108744206
28543	Xã Long Định	82	Tỉnh Đồng Tháp	10.405911	106.25488721695987
28564	Xã Bình Trưng	82	Tỉnh Đồng Tháp	10.406811000000001	106.20353035411799
28576	Xã Vĩnh Kim	82	Tỉnh Đồng Tháp	10.3424275	106.20543308361928
28582	Xã Kim Sơn	82	Tỉnh Đồng Tháp	10.341135999999999	106.2701252704301
28594	Xã Chợ Gạo	82	Tỉnh Đồng Tháp	10.367426	106.42868025251519
28603	Xã Mỹ Tịnh An	82	Tỉnh Đồng Tháp	10.458834	106.4038489587629
28615	Xã Lương Hòa Lạc	82	Tỉnh Đồng Tháp	10.420077	106.38716701712329
28627	Xã Tân Thuận Bình	82	Tỉnh Đồng Tháp	10.391703	106.4657003641948
28633	Xã An Thạnh Thủy	82	Tỉnh Đồng Tháp	10.367506500000001	106.50405395875421
28648	Xã Bình Ninh	82	Tỉnh Đồng Tháp	10.3233785	106.45419529921259
28651	Xã Vĩnh Bình	82	Tỉnh Đồng Tháp	10.346820000000001	106.57444343431246
28660	Xã Đồng Sơn	82	Tỉnh Đồng Tháp	10.395133000000001	106.56703511524822
28663	Xã Phú Thành	82	Tỉnh Đồng Tháp	10.376492	106.62270368026564
28678	Xã Vĩnh Hựu	82	Tỉnh Đồng Tháp	10.312133	106.57926181812883
28687	Xã Long Bình	82	Tỉnh Đồng Tháp	10.3084305	106.63715826851853
2869	Xã Bản Liền	15	Tỉnh Lào Cai	22.495027999999998	104.38360367192429
28693	Xã Tân Thới	82	Tỉnh Đồng Tháp	10.268622	106.58531396382037
28696	Xã Tân Phú Đông	82	Tỉnh Đồng Tháp	10.244407500000001	106.7186513587558
28702	Xã Tân Hòa	82	Tỉnh Đồng Tháp	10.317506999999999	106.69979372990727
28720	Xã Gia Thuận	82	Tỉnh Đồng Tháp	10.418617	106.76516815718453
28723	Xã Tân Đông	82	Tỉnh Đồng Tháp	10.430322	106.70478273027138
28729	Phường Sơn Qui	82	Tỉnh Đồng Tháp	10.424766	106.66432298183452
28738	Xã Tân Điền	82	Tỉnh Đồng Tháp	10.346589000000002	106.75354988613445
28747	Xã Gò Công Đông	82	Tỉnh Đồng Tháp	10.299683000000002	106.74973190789473
28756	Phường Phú Khương	86	Tỉnh Vĩnh Long	10.2275215	106.40723090580569
28777	Phường An Hội	86	Tỉnh Vĩnh Long	10.2008445	106.37226130807275
28783	Phường Sơn Đông	86	Tỉnh Vĩnh Long	10.271747999999999	106.33857742672589
28789	Phường Bến Tre	86	Tỉnh Vĩnh Long	10.2292345	106.3397069441121
28807	Xã Giao Long	86	Tỉnh Vĩnh Long	10.301924	106.40719244121519
28810	Xã Phú Túc	86	Tỉnh Vĩnh Long	10.2948095	106.30200641346522
28840	Xã Tân Phú	86	Tỉnh Vĩnh Long	10.2796445	106.18218423278267
28858	Phường Phú Tân	86	Tỉnh Vĩnh Long	10.268912	106.39557869904138
28861	Xã Tiên Thủy	86	Tỉnh Vĩnh Long	10.273405499999999	106.25118615787659
28870	Xã Chợ Lách	86	Tỉnh Vĩnh Long	10.243243	106.16468521338857
28879	Xã Phú Phụng	86	Tỉnh Vĩnh Long	10.263586	106.07655910276074
28894	Xã Vĩnh Thành	86	Tỉnh Vĩnh Long	10.207911	106.1745376201803
2890	Xã Bảo Nhai	15	Tỉnh Lào Cai	22.462587	104.21764378753048
28901	Xã Hưng Khánh Trung	86	Tỉnh Vĩnh Long	10.183389	106.24567273769495
28903	Xã Mỏ Cày	86	Tỉnh Vĩnh Long	10.112327	106.3189574484536
28915	Xã Phước Mỹ Trung	86	Tỉnh Vĩnh Long	10.2166765	106.28505402467417
28921	Xã Tân Thành Bình	86	Tỉnh Vĩnh Long	10.172699999999999	106.31585699099678
28945	Xã Đồng Khởi	86	Tỉnh Vĩnh Long	10.1305565	106.36755952935556
28948	Xã Nhuận Phú Tân	86	Tỉnh Vĩnh Long	10.1247645	106.25544949177475
28957	Xã An Định	86	Tỉnh Vĩnh Long	10.063999500000001	106.406092733125
2896	Xã Cốc Lầu	15	Tỉnh Lào Cai	22.394759999999998	104.35343052080461
28969	Xã Thành Thới	86	Tỉnh Vĩnh Long	10.0511515	106.31498558017367
28981	Xã Hương Mỹ	86	Tỉnh Vĩnh Long	10.0159075	106.37984061471381
28984	Xã Giồng Trôm	86	Tỉnh Vĩnh Long	10.157633	106.50875970057899
28987	Xã Lương Hòa	86	Tỉnh Vĩnh Long	10.2140445	106.44575253638175
28993	Xã Lương Phú	86	Tỉnh Vĩnh Long	10.196344	106.41730000714286
28996	Xã Châu Hòa	86	Tỉnh Vĩnh Long	10.1920045	106.5363956340521
2902	Xã Phong Hải	15	Tỉnh Lào Cai	22.478443	104.12260826512738
29020	Xã Phước Long	86	Tỉnh Vĩnh Long	10.140891499999999	106.4179322098224
29029	Xã Tân Hào	86	Tỉnh Vĩnh Long	10.1098245	106.44640976091006
29044	Xã Hưng Nhượng	86	Tỉnh Vĩnh Long	10.0873455	106.4841713363088
2905	Xã Bảo Thắng	15	Tỉnh Lào Cai	22.366696	104.14523655402718
29050	Xã Bình Đại	86	Tỉnh Vĩnh Long	10.1982145	106.70864058453023
29062	Xã Phú Thuận	86	Tỉnh Vĩnh Long	10.279963500000001	106.48500493018807
29077	Xã Lộc Thuận	86	Tỉnh Vĩnh Long	10.235415	106.57434300397588
2908	Xã Tằng Loỏng	15	Tỉnh Lào Cai	22.2600485	104.13777388731386
29083	Xã Châu Hưng	86	Tỉnh Vĩnh Long	10.241828	106.49781893487967
29089	Xã Thạnh Trị	86	Tỉnh Vĩnh Long	10.1934325	106.597730886598
29104	Xã Thạnh Phước	86	Tỉnh Vĩnh Long	10.1369595	106.69502464473685
29107	Xã Thới Thuận	86	Tỉnh Vĩnh Long	10.113883999999999	106.76143243867924
29110	Xã Ba Tri	86	Tỉnh Vĩnh Long	10.038166	106.59758455963998
29122	Xã Mỹ Chánh Hòa	86	Tỉnh Vĩnh Long	10.131450999999998	106.57289128817712
29125	Xã Bảo Thạnh	86	Tỉnh Vĩnh Long	10.0666415	106.67163753426641
29137	Xã Tân Xuân	86	Tỉnh Vĩnh Long	10.100003000000001	106.62504691141966
29143	Xã An Ngãi Trung	86	Tỉnh Vĩnh Long	10.092201	106.54500040162245
29158	Xã An Hiệp	86	Tỉnh Vĩnh Long	10.037564	106.52755189427455
29167	Xã Tân Thủy	86	Tỉnh Vĩnh Long	10.0049455	106.617593475
29182	Xã Thạnh Phú	86	Tỉnh Vĩnh Long	9.957953	106.52670721073761
29191	Xã Quới Điền	86	Tỉnh Vĩnh Long	9.977548500000001	106.48390456941675
29194	Xã Đại Điền	86	Tỉnh Vĩnh Long	10.006297	106.43975874361647
292	Phường Bạch Mai	1	Thành phố Hà Nội	21.002275	105.85145380761068
29221	Xã Thạnh Hải	86	Tỉnh Vĩnh Long	9.897400999999999	106.66046026041667
29224	Xã An Qui	86	Tỉnh Vĩnh Long	9.894197	106.55641462014668
29227	Xã Thạnh Phong	86	Tỉnh Vĩnh Long	9.8551685	106.61374764896819
2923	Xã Gia Phú	15	Tỉnh Lào Cai	22.341954	104.08559647788793
29242	Phường Trà Vinh	86	Tỉnh Vĩnh Long	9.9223275	106.3382164516268
29254	Phường Nguyệt Hóa	86	Tỉnh Vĩnh Long	9.9334185	106.31213995238096
2926	Xã Xuân Quang	15	Tỉnh Lào Cai	22.3657465	104.23204719695593
29263	Phường Long Đức	86	Tỉnh Vĩnh Long	9.976911	106.34364141069746
29266	Xã Càng Long	86	Tỉnh Vĩnh Long	10.0112635	106.1685364765549
29275	Xã An Trường	86	Tỉnh Vĩnh Long	9.9577235	106.17142472477065
29278	Xã Tân An	86	Tỉnh Vĩnh Long	9.905045000000001	106.1830108739255
29287	Xã Bình Phú	86	Tỉnh Vĩnh Long	9.958227	106.2588569133238
29302	Xã Nhị Long	86	Tỉnh Vĩnh Long	10.025992500000001	106.29305901415404
29308	Xã Cầu Kè	86	Tỉnh Vĩnh Long	9.8712695	106.0896018446765
29317	Xã An Phú Tân	86	Tỉnh Vĩnh Long	9.8637355	106.02596569422745
29329	Xã Phong Thạnh	86	Tỉnh Vĩnh Long	9.8149295	106.0919847531496
29335	Xã Tam Ngãi	86	Tỉnh Vĩnh Long	9.917994499999999	106.04609053382217
29341	Xã Tiểu Cần	86	Tỉnh Vĩnh Long	9.8404795	106.17278223327759
29362	Xã Hùng Hòa	86	Tỉnh Vĩnh Long	9.7768295	106.22922050761284
29365	Xã Tập Ngãi	86	Tỉnh Vĩnh Long	9.842051999999999	106.2183024710803
29371	Xã Tân Hòa	86	Tỉnh Vĩnh Long	9.775019499999999	106.14457155185372
29374	Xã Châu Thành	86	Tỉnh Vĩnh Long	9.843659500000001	106.33604152677155
29386	Xã Song Lộc	86	Tỉnh Vĩnh Long	9.8871805	106.2741806305841
29398	Phường Hòa Thuận	86	Tỉnh Vĩnh Long	9.946947999999999	106.36736812980294
29407	Xã Hưng Mỹ	86	Tỉnh Vĩnh Long	9.914390999999998	106.38733507894736
29410	Xã Hòa Minh	86	Tỉnh Vĩnh Long	9.928703500000001	106.43871918786434
29413	Xã Long Hòa	86	Tỉnh Vĩnh Long	9.8701905	106.50039519823099
29416	Xã Cầu Ngang	86	Tỉnh Vĩnh Long	9.797400499999998	106.45493426766205
29419	Xã Mỹ Long	86	Tỉnh Vĩnh Long	9.7873975	106.50468355487806
29431	Xã Vinh Kim	86	Tỉnh Vĩnh Long	9.855319	106.44237793826406
29446	Xã Nhị Trường	86	Tỉnh Vĩnh Long	9.773006500000001	106.37505693739354
29455	Xã Hiệp Mỹ	86	Tỉnh Vĩnh Long	9.740604000000001	106.45345042142857
29461	Xã Trà Cú	86	Tỉnh Vĩnh Long	9.6996155	106.27320257911458
29467	Xã Tập Sơn	86	Tỉnh Vĩnh Long	9.7568655	106.2841765428162
2947	Xã Bảo Yên	15	Tỉnh Lào Cai	22.2089455	104.46532842936232
29476	Xã Lưu Nghiệp Anh	86	Tỉnh Vĩnh Long	9.712915	106.1918625887424
29489	Xã Hàm Giang	86	Tỉnh Vĩnh Long	9.659721999999999	106.26395058473238
29491	Xã Đại An	86	Tỉnh Vĩnh Long	9.628128499999999	106.28248119419325
29497	Xã Đôn Châu	86	Tỉnh Vĩnh Long	9.658287999999999	106.36666402878339
29506	Xã Long Hiệp	86	Tỉnh Vĩnh Long	9.717009000000001	106.35649234003242
29512	Phường Duyên Hải	86	Tỉnh Vĩnh Long	9.62483	106.4966508522014
29513	Xã Long Thành	86	Tỉnh Vĩnh Long	9.604031500000001	106.43757431721352
29516	Phường Trường Long Hòa	86	Tỉnh Vĩnh Long	9.647905	106.55078909217144
29518	Xã Long Hữu	86	Tỉnh Vĩnh Long	9.703934499999999	106.53303876485688
2953	Xã Nghĩa Đô	15	Tỉnh Lào Cai	22.41726	104.44172759625
29530	Xã Ngũ Lạc	86	Tỉnh Vĩnh Long	9.679752	106.43103747560976
29533	Xã Long Vĩnh	86	Tỉnh Vĩnh Long	9.5815985	106.35845689738807
29536	Xã Đông Hải	86	Tỉnh Vĩnh Long	9.564236999999999	106.44953542810443
29551	Phường Long Châu	86	Tỉnh Vĩnh Long	10.2572955	105.94918360681217
29557	Phường Phước Hậu	86	Tỉnh Vĩnh Long	10.2223365	105.9634051587995
29566	Phường Tân Ngãi	86	Tỉnh Vĩnh Long	10.2522005	105.90348133834755
29584	Xã An Bình	86	Tỉnh Vĩnh Long	10.29413	105.98456121907532
29590	Phường Thanh Đức	86	Tỉnh Vĩnh Long	10.2442105	106.00462330427251
29593	Phường Tân Hạnh	86	Tỉnh Vĩnh Long	10.221221	105.93347495253164
29602	Xã Long Hồ	86	Tỉnh Vĩnh Long	10.182468	105.99860127481713
29611	Xã Phú Quới	86	Tỉnh Vĩnh Long	10.1732605	105.92135405522838
2962	Xã Xuân Hòa	15	Tỉnh Lào Cai	22.291578	104.50319597715736
29623	Xã Nhơn Phú	86	Tỉnh Vĩnh Long	10.222486	106.06715574371552
29638	Xã Bình Phước	86	Tỉnh Vĩnh Long	10.194337	106.03904640833332
29641	Xã Cái Nhum	86	Tỉnh Vĩnh Long	10.197863	106.11906341463416
29653	Xã Tân Long Hội	86	Tỉnh Vĩnh Long	10.139371	106.07159739889707
29659	Xã Trung Thành	86	Tỉnh Vĩnh Long	10.0675165	106.16694447916666
29668	Xã Quới An	86	Tỉnh Vĩnh Long	10.136708500000001	106.16423546754106
29677	Xã Quới Thiện	86	Tỉnh Vĩnh Long	10.113399000000001	106.22530271318671
2968	Xã Thượng Hà	15	Tỉnh Lào Cai	22.2903445	104.37682514434107
29683	Xã Trung Hiệp	86	Tỉnh Vĩnh Long	10.110733	106.12310740284974
29698	Xã Trung Ngãi	86	Tỉnh Vĩnh Long	10.0555765	106.20792851542416
29701	Xã Hiếu Phụng	86	Tỉnh Vĩnh Long	10.059414499999999	106.11131542327273
29713	Xã Hiếu Thành	86	Tỉnh Vĩnh Long	9.990330499999999	106.10328947949641
29719	Xã Tam Bình	86	Tỉnh Vĩnh Long	10.057921	105.97050478923367
29728	Xã Cái Ngang	86	Tỉnh Vĩnh Long	10.1173965	105.96635948455057
29734	Xã Hòa Hiệp	86	Tỉnh Vĩnh Long	10.110926	106.0368008865848
29740	Xã Song Phú	86	Tỉnh Vĩnh Long	10.102707500000001	105.8912234308319
29767	Xã Ngãi Tứ	86	Tỉnh Vĩnh Long	10.012431	105.93300062966516
29770	Phường Cái Vồn	86	Tỉnh Vĩnh Long	10.019980499999999	105.82981080000476
29771	Phường Bình Minh	86	Tỉnh Vĩnh Long	10.0790045	105.8252928601388
29785	Xã Tân Lược	86	Tỉnh Vĩnh Long	10.161784	105.73634849565926
29788	Xã Mỹ Thuận	86	Tỉnh Vĩnh Long	10.133869	105.81899580658026
29800	Xã Tân Quới	86	Tỉnh Vĩnh Long	10.100949499999999	105.76304341488884
29812	Phường Đông Thành	86	Tỉnh Vĩnh Long	10.035286	105.86314091233223
29821	Xã Trà Ôn	86	Tỉnh Vĩnh Long	9.945079499999999	105.95638499220503
29830	Xã Hòa Bình	86	Tỉnh Vĩnh Long	10.0334665	106.06330627222222
29836	Xã Trà Côn	86	Tỉnh Vĩnh Long	10.015985	106.0063549978261
29845	Xã Vĩnh Xuân	86	Tỉnh Vĩnh Long	9.966068	106.03113461467038
29857	Xã Lục Sĩ Thành	86	Tỉnh Vĩnh Long	9.9421065	105.91615050484351
29869	Phường Cao Lãnh	82	Tỉnh Đồng Tháp	10.445406	105.62334033118466
29884	Phường Mỹ Ngãi	82	Tỉnh Đồng Tháp	10.5144725	105.6168765718563
29888	Phường Mỹ Trà	82	Tỉnh Đồng Tháp	10.476125	105.67189629807692
2989	Xã Bảo Hà	15	Tỉnh Lào Cai	22.1926855	104.34094506658879
29905	Phường Sa Đéc	82	Tỉnh Đồng Tháp	10.330373999999999	105.73867579424778
29926	Xã Tân Hồng	82	Tỉnh Đồng Tháp	10.8722075	105.43150922941321
29929	Xã Tân Hộ Cơ	82	Tỉnh Đồng Tháp	10.901607	105.47820881520326
29944	Xã An Phước	82	Tỉnh Đồng Tháp	10.833063500000002	105.57965139454026
29954	Phường An Bình	82	Tỉnh Đồng Tháp	10.782733499999999	105.39373468065735
29955	Phường Hồng Ngự	82	Tỉnh Đồng Tháp	10.8502415	105.37431987967915
29971	Xã Thường Phước	82	Tỉnh Đồng Tháp	10.8566115	105.24421534154101
29978	Phường Thường Lạc	82	Tỉnh Đồng Tháp	10.85202	105.31527030088044
2998	Xã Phúc Khánh	15	Tỉnh Lào Cai	22.169419	104.55084513650306
29983	Xã Long Khánh	82	Tỉnh Đồng Tháp	10.80069	105.30080983070866
29992	Xã Long Phú Thuận	82	Tỉnh Đồng Tháp	10.7575495	105.32967552570481
30001	Xã Tràm Chim	82	Tỉnh Đồng Tháp	10.733638	105.60616696148043
30010	Xã Tam Nông	82	Tỉnh Đồng Tháp	10.749839	105.53935920342707
30019	Xã An Hòa	82	Tỉnh Đồng Tháp	10.751042	105.42135120360658
30025	Xã Phú Cường	82	Tỉnh Đồng Tháp	10.7278115	105.64799022807756
30028	Xã An Long	82	Tỉnh Đồng Tháp	10.6603745	105.4065127505696
30034	Xã Phú Thọ	82	Tỉnh Đồng Tháp	10.687256000000001	105.48093336994889
30037	Xã Tháp Mười	82	Tỉnh Đồng Tháp	10.5437495	105.8400866414959
3004	Xã Ngũ Chỉ Sơn	15	Tỉnh Lào Cai	22.434004	103.787650668541
30043	Xã Phương Thịnh	82	Tỉnh Đồng Tháp	10.628132	105.68335881982759
30046	Xã Trường Xuân	82	Tỉnh Đồng Tháp	10.673231999999999	105.74803447032374
30055	Xã Mỹ Quí	82	Tỉnh Đồng Tháp	10.534872499999999	105.77638769263123
3006	Phường Sa Pa	15	Tỉnh Lào Cai	22.343709500000003	103.85332435881662
30061	Xã Đốc Binh Kiều	82	Tỉnh Đồng Tháp	10.5571425	105.87019730562699
30073	Xã Thanh Mỹ	82	Tỉnh Đồng Tháp	10.436912	105.8538812237677
30076	Xã Mỹ Thọ	82	Tỉnh Đồng Tháp	10.4408095	105.71335931978578
30085	Xã Ba Sao	82	Tỉnh Đồng Tháp	10.5555995	105.69425917819149
30088	Xã Phong Mỹ	82	Tỉnh Đồng Tháp	10.586526	105.6192699971313
301	Phường Vĩnh Hưng	1	Thành phố Hà Nội	20.99126	105.88287967608386
30112	Xã Mỹ Hiệp	82	Tỉnh Đồng Tháp	10.351108499999999	105.78444056672598
30118	Xã Bình Hàng Trung	82	Tỉnh Đồng Tháp	10.4229335	105.78228553297872
3013	Xã Tả Phìn	15	Tỉnh Lào Cai	22.394460000000002	103.86846607849364
30130	Xã Thanh Bình	82	Tỉnh Đồng Tháp	10.598711	105.51765441284404
30154	Xã Tân Long	82	Tỉnh Đồng Tháp	10.638546	105.36969706364036
30163	Xã Bình Thành	82	Tỉnh Đồng Tháp	10.582874	105.56472858732175
30169	Xã Lấp Vò	82	Tỉnh Đồng Tháp	10.353123499999999	105.5704292202381
30178	Xã Mỹ An Hưng	82	Tỉnh Đồng Tháp	10.398876	105.6038615986842
30184	Xã Tân Khánh Trung	82	Tỉnh Đồng Tháp	10.3539805	105.67322000458717
30208	Xã Hòa Long	82	Tỉnh Đồng Tháp	10.265952500000001	105.66419123042553
30214	Xã Tân Dương	82	Tỉnh Đồng Tháp	10.3079065	105.69677868100649
30226	Xã Lai Vung	82	Tỉnh Đồng Tháp	10.2903715	105.5770606479649
30235	Xã Phong Hòa	82	Tỉnh Đồng Tháp	10.2003605	105.67289753432631
30244	Xã Phú Hựu	82	Tỉnh Đồng Tháp	10.242227	105.8681847657569
30253	Xã Tân Nhuận Đông	82	Tỉnh Đồng Tháp	10.214970999999998	105.84251391102757
30259	Xã Tân Phú Trung	82	Tỉnh Đồng Tháp	10.2299785	105.76759730289805
30292	Phường Bình Đức	91	Tỉnh An Giang	10.398299999999999	105.40405633846154
30301	Phường Mỹ Thới	91	Tỉnh An Giang	10.333753000000002	105.44884665469772
30307	Phường Long Xuyên	91	Tỉnh An Giang	10.366399	105.41873192190798
30313	Xã Mỹ Hòa Hưng	91	Tỉnh An Giang	10.410348500000001	105.43612684142857
30316	Phường Châu Đốc	91	Tỉnh An Giang	10.707154500000001	105.10600411090226
30325	Phường Vĩnh Tế	91	Tỉnh An Giang	10.660509	105.06811671370511
30337	Xã An Phú	91	Tỉnh An Giang	10.80715	105.07776248775944
30341	Xã Khánh Bình	91	Tỉnh An Giang	10.939123	105.09564341396201
30346	Xã Nhơn Hội	91	Tỉnh An Giang	10.88543	105.05792772598254
30352	Xã Phú Hữu	91	Tỉnh An Giang	10.8595385	105.12722193551873
30367	Xã Vĩnh Hậu	91	Tỉnh An Giang	10.769255999999999	105.11644766208592
3037	Xã Tả Van	15	Tỉnh Lào Cai	22.2684255	103.86285306243286
30376	Phường Tân Châu	91	Tỉnh An Giang	10.7726445	105.24925760990314
30377	Phường Long Phú	91	Tỉnh An Giang	10.7819525	105.22170485691144
30385	Xã Vĩnh Xương	91	Tỉnh An Giang	10.869956	105.1719127780112
30388	Xã Tân An	91	Tỉnh An Giang	10.7981085	105.18328830339712
30403	Xã Châu Phong	91	Tỉnh An Giang	10.743898	105.17367291662168
30406	Xã Phú Tân	91	Tỉnh An Giang	10.576570499999999	105.33403751386624
30409	Xã Chợ Vàm	91	Tỉnh An Giang	10.682307	105.27779139822135
30421	Xã Phú Lâm	91	Tỉnh An Giang	10.730954	105.2399457149973
3043	Xã Mường Bo	15	Tỉnh Lào Cai	22.22425	104.02462563666667
30430	Xã Hòa Lạc	91	Tỉnh An Giang	10.6861295	105.21762250668286
30436	Xã Phú An	91	Tỉnh An Giang	10.645023	105.3041725081023
30445	Xã Bình Thạnh Đông	91	Tỉnh An Giang	10.6010775	105.25623351335943
3046	Xã Bản Hồ	15	Tỉnh Lào Cai	22.2411785	103.94512324691834
30463	Xã Châu Phú	91	Tỉnh An Giang	10.5118095	105.19965702877101
30469	Xã Mỹ Đức	91	Tỉnh An Giang	10.6548065	105.15386035570262
30478	Xã Vĩnh Thạnh Trung	91	Tỉnh An Giang	10.601511	105.1848315169457
30481	Xã Thạnh Mỹ Tây	91	Tỉnh An Giang	10.5376815	105.14011243625
30487	Xã Bình Mỹ	91	Tỉnh An Giang	10.5088885	105.28077793023468
30502	Phường Thới Sơn	91	Tỉnh An Giang	10.632669	105.01841083069164
30505	Phường Chi Lăng	91	Tỉnh An Giang	10.519869	105.04570198170731
30520	Phường Tịnh Biên	91	Tỉnh An Giang	10.5819345	104.94611435682884
30526	Xã An Cư	91	Tỉnh An Giang	10.5484155	105.01198979742833
30538	Xã Núi Cấm	91	Tỉnh An Giang	10.474342	105.03491425068748
30544	Xã Tri Tôn	91	Tỉnh An Giang	10.4311015	105.01002150590736
30547	Xã Ba Chúc	91	Tỉnh An Giang	10.5027085	104.92547707833333
30568	Xã Vĩnh Gia	91	Tỉnh An Giang	10.4280425	104.85760696817906
30577	Xã Ô Lâm	91	Tỉnh An Giang	10.4011125	104.94587026724138
30580	Xã Cô Tô	91	Tỉnh An Giang	10.355037	105.05959945886076
30589	Xã An Châu	91	Tỉnh An Giang	10.3985245	105.35015609663866
30595	Xã Cần Đăng	91	Tỉnh An Giang	10.432185	105.28402302114165
30604	Xã Vĩnh An	91	Tỉnh An Giang	10.422021	105.1653478438028
30607	Xã Bình Hòa	91	Tỉnh An Giang	10.46642	105.33805794047619
3061	Xã Võ Lao	15	Tỉnh Lào Cai	22.176058500000003	104.15996214722222
30619	Xã Vĩnh Hanh	91	Tỉnh An Giang	10.4232655	105.24278565509259
30628	Xã Chợ Mới	91	Tỉnh An Giang	10.528978500000001	105.3879425168517
30631	Xã Long Điền	91	Tỉnh An Giang	10.510728499999999	105.46110394905406
30643	Xã Cù Lao Giêng	91	Tỉnh An Giang	10.4879565	105.53901256585503
30658	Xã Nhơn Mỹ	91	Tỉnh An Giang	10.498849	105.37381510438227
30664	Xã Long Kiến	91	Tỉnh An Giang	10.4496525	105.48761889154652
30673	Xã Hội An	91	Tỉnh An Giang	10.392685499999999	105.48822339713897
30682	Xã Thoại Sơn	91	Tỉnh An Giang	10.2350685	105.22911704710373
30685	Xã Phú Hòa	91	Tỉnh An Giang	10.306812	105.38919441607851
30688	Xã Óc Eo	91	Tỉnh An Giang	10.262284000000001	105.16226652419354
30691	Xã Tây Phú	91	Tỉnh An Giang	10.33029	105.17701286100706
30697	Xã Vĩnh Trạch	91	Tỉnh An Giang	10.294638	105.34217570517166
30709	Xã Định Mỹ	91	Tỉnh An Giang	10.316634	105.27699398755657
30742	Phường Rạch Giá	91	Tỉnh An Giang	9.992396	105.09743251470587
3076	Xã Nậm Chày	15	Tỉnh Lào Cai	22.116372499999997	104.09612438947369
30760	Phường Vĩnh Thông	91	Tỉnh An Giang	10.064630000000001	105.0894736208694
30766	Phường Tô Châu	91	Tỉnh An Giang	10.319070499999999	104.5530239133554
30769	Phường Hà Tiên	91	Tỉnh An Giang	10.4055745	104.47375029247104
30781	Xã Tiên Hải	91	Tỉnh An Giang	10.317616000000001	104.33074521088372
30787	Xã Kiên Lương	91	Tỉnh An Giang	10.212414500000001	104.64873944726563
30790	Xã Hòa Điền	91	Tỉnh An Giang	10.327243	104.66395347945206
30793	Xã Vĩnh Điều	91	Tỉnh An Giang	10.453441000000002	104.728052562983
30796	Xã Giang Thành	91	Tỉnh An Giang	10.4438525	104.5887228618881
30811	Xã Sơn Hải	91	Tỉnh An Giang	10.107132499999999	104.50128882663935
30814	Xã Hòn Nghệ	91	Tỉnh An Giang	10.0268285	104.55326985262363
30817	Xã Hòn Đất	91	Tỉnh An Giang	10.209841	104.93243469933799
3082	Xã Văn Bàn	15	Tỉnh Lào Cai	22.12171	104.254231
30823	Xã Bình Sơn	91	Tỉnh An Giang	10.265518499999999	104.84633666613924
30826	Xã Bình Giang	91	Tỉnh An Giang	10.318222	104.79825280612138
30835	Xã Sơn Kiên	91	Tỉnh An Giang	10.197735	104.99794946806517
30838	Xã Mỹ Thuận	91	Tỉnh An Giang	10.176157	105.08684152985074
3085	Xã Nậm Xé	15	Tỉnh Lào Cai	22.042825	104.00246281
30850	Xã Tân Hiệp	91	Tỉnh An Giang	10.0809495	105.30614134522992
30856	Xã Tân Hội	91	Tỉnh An Giang	10.142603000000001	105.1801378559322
30874	Xã Thạnh Đông	91	Tỉnh An Giang	10.0421905	105.25324552731126
30880	Xã Châu Thành	91	Tỉnh An Giang	9.9132145	105.19003196489103
30886	Xã Thạnh Lộc	91	Tỉnh An Giang	10.0253545	105.1712563065551
30898	Xã Bình An	91	Tỉnh An Giang	9.889534	105.12837726271187
30904	Xã Giồng Riềng	91	Tỉnh An Giang	9.9234475	105.27372827229846
3091	Xã Chiềng Ken	15	Tỉnh Lào Cai	22.00169	104.38385687007079
30910	Xã Thạnh Hưng	91	Tỉnh An Giang	9.9904765	105.387416134375
30928	Xã Ngọc Chúc	91	Tỉnh An Giang	9.912606	105.3804283015238
30934	Xã Hòa Hưng	91	Tỉnh An Giang	9.8962255	105.47452748862622
30943	Xã Long Thạnh	91	Tỉnh An Giang	9.8416395	105.27271483921878
30949	Xã Hòa Thuận	91	Tỉnh An Giang	9.8528835	105.39690867145424
30952	Xã Gò Quao	91	Tỉnh An Giang	9.740755	105.2909738009943
30958	Xã Định Hòa	91	Tỉnh An Giang	9.785790500000001	105.21730299318895
30970	Xã Vĩnh Hòa Hưng	91	Tỉnh An Giang	9.774002	105.37683575943728
30982	Xã Vĩnh Tuy	91	Tỉnh An Giang	9.6585875	105.33737818358118
30985	Xã An Biên	91	Tỉnh An Giang	9.7785775	105.09635856525625
30988	Xã Tây Yên	91	Tỉnh An Giang	9.885267500000001	105.04485581996587
31006	Xã Đông Thái	91	Tỉnh An Giang	9.792087500000001	104.99585006343284
31012	Xã Vĩnh Hòa	91	Tỉnh An Giang	9.6951885	105.16673538108931
31018	Xã An Minh	91	Tỉnh An Giang	9.6074895	104.98333438789624
31024	Xã Đông Hòa	91	Tỉnh An Giang	9.699524499999999	104.98899381911133
31027	Xã U Minh Thượng	91	Tỉnh An Giang	9.594366	105.1125335185034
3103	Xã Khánh Yên	15	Tỉnh Lào Cai	22.012634	104.29515892375886
31031	Xã Tân Thạnh	91	Tỉnh An Giang	9.766357	104.9136623707719
31036	Xã Đông Hưng	91	Tỉnh An Giang	9.657188999999999	104.87890515773819
31042	Xã Vân Khánh	91	Tỉnh An Giang	9.554419	104.875123752518
31051	Xã Vĩnh Phong	91	Tỉnh An Giang	9.471829	105.25499577599999
3106	Xã Dương Quỳ	15	Tỉnh Lào Cai	22.023968500000002	104.16737300410583
31064	Xã Vĩnh Bình	91	Tỉnh An Giang	9.6018255	105.23652765
31069	Xã Vĩnh Thuận	91	Tỉnh An Giang	9.513449999999999	105.1952060327869
31078	Đặc khu Phú Quốc	91	Tỉnh An Giang	10.2287325	104.01435745564993
31105	Đặc khu Thổ Châu	91	Tỉnh An Giang	9.308619	103.45984386777477
31108	Đặc khu Kiên Hải	91	Tỉnh An Giang	9.8079745	104.63652302719902
31120	Phường Cái Khế	92	Thành phố Cần Thơ	10.053265	105.783369838753
31135	Phường Ninh Kiều	92	Thành phố Cần Thơ	10.034015499999999	105.77815259831537
31147	Phường Tân An	92	Thành phố Cần Thơ	10.026216999999999	105.75831434785522
31150	Phường An Bình	92	Thành phố Cần Thơ	10.009243	105.7373227922026
31153	Phường Ô Môn	92	Thành phố Cần Thơ	10.126674999999999	105.62733995439378
31157	Phường Thới Long	92	Thành phố Cần Thơ	10.1657115	105.58636399288964
31162	Phường Phước Thới	92	Thành phố Cần Thơ	10.093712	105.66572676915115
31168	Phường Bình Thủy	92	Thành phố Cần Thơ	10.07072	105.75383985352306
31174	Phường Thới An Đông	92	Thành phố Cần Thơ	10.085245	105.71158099548703
31183	Phường Long Tuyền	92	Thành phố Cần Thơ	10.043509499999999	105.72910744443134
31186	Phường Cái Răng	92	Thành phố Cần Thơ	9.986169499999999	105.75329067234387
31201	Phường Hưng Phú	92	Thành phố Cần Thơ	10.0010315	105.81080609264107
31207	Phường Thốt Nốt	92	Thành phố Cần Thơ	10.293797	105.50305790209791
3121	Xã Minh Lương	15	Tỉnh Lào Cai	21.977608	104.0943074721562
31213	Phường Tân Lộc	92	Thành phố Cần Thơ	10.246289	105.5787789979176
31217	Phường Trung Nhứt	92	Thành phố Cần Thơ	10.233001	105.51374907649821
31228	Phường Thuận Hưng	92	Thành phố Cần Thơ	10.229717	105.55855864921614
31231	Xã Thạnh An	92	Thành phố Cần Thơ	10.1771485	105.28642334200987
31232	Xã Vĩnh Thạnh	92	Thành phố Cần Thơ	10.2140085	105.43697535439213
31237	Xã Vĩnh Trinh	92	Thành phố Cần Thơ	10.2704535	105.467329899
31246	Xã Thạnh Quới	92	Thành phố Cần Thơ	10.2119845	105.35142319383749
31249	Xã Thạnh Phú	92	Thành phố Cần Thơ	10.128642500000002	105.40638709365248
31255	Xã Trung Hưng	92	Thành phố Cần Thơ	10.173325	105.49637768309859
31258	Xã Thới Lai	92	Thành phố Cần Thơ	10.038726	105.5533932725
31261	Xã Cờ Đỏ	92	Thành phố Cần Thơ	10.069085000000001	105.40835783282208
31264	Xã Thới Hưng	92	Thành phố Cần Thơ	10.129709	105.52908762437185
3127	Phường Điện Biên Phủ	11	Tỉnh Điện Biên	21.4155865	103.05782474685509
31273	Xã Đông Hiệp	92	Thành phố Cần Thơ	10.0813205	105.50280370938748
31282	Xã Đông Thuận	92	Thành phố Cần Thơ	10.0173115	105.46452656040657
31288	Xã Trường Thành	92	Thành phố Cần Thơ	10.059004	105.60212161258771
31294	Xã Trường Xuân	92	Thành phố Cần Thơ	9.974186	105.51940717713046
31299	Xã Phong Điền	92	Thành phố Cần Thơ	10.021546	105.6649641313905
31309	Xã Trường Long	92	Thành phố Cần Thơ	9.976015499999999	105.619005
31315	Xã Nhơn Ái	92	Thành phố Cần Thơ	9.977532499999999	105.68558949914481
31321	Phường Vị Thanh	92	Thành phố Cần Thơ	9.760709	105.45679145469286
31333	Phường Vị Tân	92	Thành phố Cần Thơ	9.790232	105.46451584734513
31338	Xã Hỏa Lựu	92	Thành phố Cần Thơ	9.7185475	105.40884831472196
31340	Phường Ngã Bảy	92	Thành phố Cần Thơ	9.797123500000001	105.82515670273119
31342	Xã Tân Hòa	92	Thành phố Cần Thơ	9.9206845	105.61212011823991
31348	Xã Trường Long Tây	92	Thành phố Cần Thơ	9.944303999999999	105.58242976695652
31360	Xã Thạnh Xuân	92	Thành phố Cần Thơ	9.935437	105.69701342894552
31366	Xã Châu Thành	92	Thành phố Cần Thơ	9.942501499999999	105.86635977645305
31369	Xã Đông Phước	92	Thành phố Cần Thơ	9.930059499999999	105.75859750111375
31378	Xã Phú Hữu	92	Thành phố Cần Thơ	9.903258	105.84371994726482
31393	Xã Hòa An	92	Thành phố Cần Thơ	9.7868315	105.63484969969237
31396	Xã Hiệp Hưng	92	Thành phố Cần Thơ	9.761135	105.7392104696606
31399	Xã Tân Bình	92	Thành phố Cần Thơ	9.8686315	105.63766279027504
31408	Xã Thạnh Hòa	92	Thành phố Cần Thơ	9.87341	105.72686303294574
31411	Phường Đại Thành	92	Thành phố Cần Thơ	9.842859	105.81247716181437
31420	Xã Phụng Hiệp	92	Thành phố Cần Thơ	9.820675999999999	105.71729424690233
31426	Xã Phương Bình	92	Thành phố Cần Thơ	9.7088565	105.70297814132857
31432	Xã Tân Phước Hưng	92	Thành phố Cần Thơ	9.7468305	105.8074408068647
31441	Xã Vị Thủy	92	Thành phố Cần Thơ	9.761351000000001	105.54872592214534
31453	Xã Vĩnh Thuận Đông	92	Thành phố Cần Thơ	9.7229155	105.49498437438425
31459	Xã Vĩnh Tường	92	Thành phố Cần Thơ	9.813994000000001	105.57556005813953
31465	Xã Vị Thanh 1	92	Thành phố Cần Thơ	9.8558715	105.5476700956373
31471	Phường Long Mỹ	92	Thành phố Cần Thơ	9.689090499999999	105.62193807954546
31473	Phường Long Bình	92	Thành phố Cần Thơ	9.7283385	105.59168529336735
31480	Phường Long Phú 1	92	Thành phố Cần Thơ	9.657339	105.64841100290707
31489	Xã Vĩnh Viễn	92	Thành phố Cần Thơ	9.674943500000001	105.42156115166665
31492	Xã Lương Tâm	92	Thành phố Cần Thơ	9.6261165	105.43025790007282
31495	Xã Xà Phiên	92	Thành phố Cần Thơ	9.634685000000001	105.52338442868668
31507	Phường Sóc Trăng	92	Thành phố Cần Thơ	9.629818	105.99639435762484
3151	Phường Mường Lay	11	Tỉnh Điện Biên	22.016836	103.17828218149896
31510	Phường Phú Lợi	92	Thành phố Cần Thơ	9.5922145	105.98352001473384
31528	Xã Kế Sách	92	Thành phố Cần Thơ	9.775331999999999	105.95328760350448
31531	Xã An Lạc Thôn	92	Thành phố Cần Thơ	9.874568	105.91475786130334
31537	Xã Phong Nẫm	92	Thành phố Cần Thơ	9.8940215	105.95481743527574
31540	Xã Thới An Hội	92	Thành phố Cần Thơ	9.832191	105.98085310740072
31552	Xã Nhơn Mỹ	92	Thành phố Cần Thơ	9.764114	106.03757177995337
31561	Xã Đại Hải	92	Thành phố Cần Thơ	9.8010295	105.88160964578479
31567	Xã Mỹ Tú	92	Thành phố Cần Thơ	9.589844	105.79618275450451
31569	Xã Phú Tâm	92	Thành phố Cần Thơ	9.7179725	105.93762246127724
31570	Xã Hồ Đắc Kiện	92	Thành phố Cần Thơ	9.702658	105.86625494748029
31579	Xã Long Hưng	92	Thành phố Cần Thơ	9.673240499999999	105.77137927900552
3158	Xã Sín Thầu	11	Tỉnh Điện Biên	22.3958955	102.27650289860287
31582	Xã Thuận Hòa	92	Thành phố Cần Thơ	9.675556	105.9335846219472
31591	Xã Mỹ Hương	92	Thành phố Cần Thơ	9.597652499999999	105.8503464324073
31594	Xã An Ninh	92	Thành phố Cần Thơ	9.630778	105.90915713354039
316	Phường Định Công	1	Thành phố Hà Nội	20.97784	105.82443856339151
3160	Xã Mường Nhé	11	Tỉnh Điện Biên	22.216828	102.42024469728267
31603	Xã Mỹ Phước	92	Thành phố Cần Thơ	9.590812	105.72525714595736
31615	Xã An Thạnh	92	Thành phố Cần Thơ	9.686703	106.138649456529
3162	Xã Nậm Kè	11	Tỉnh Điện Biên	22.061159	102.51630728628379
3163	Xã Mường Toong	11	Tỉnh Điện Biên	22.1840125	102.58205560533018
31633	Xã Cù Lao Dung	92	Thành phố Cần Thơ	9.575800000000001	106.239569991877
31639	Xã Long Phú	92	Thành phố Cần Thơ	9.5992505	106.13393733590551
3164	Xã Quảng Lâm	11	Tỉnh Điện Biên	21.9862805	102.6027565380522
31645	Xã Đại Ngãi	92	Thành phố Cần Thơ	9.696908	106.08449322329344
31654	Xã Trường Khánh	92	Thành phố Cần Thơ	9.6913275	106.03057666039672
3166	Xã Mường Chà	11	Tỉnh Điện Biên	21.978632	102.77781156036744
31666	Xã Tân Thạnh	92	Thành phố Cần Thơ	9.6259385	106.06853878411164
31673	Xã Trần Đề	92	Thành phố Cần Thơ	9.50152	106.18802059352518
31675	Xã Liêu Tú	92	Thành phố Cần Thơ	9.4803095	106.08936310821444
31679	Xã Lịch Hội Thượng	92	Thành phố Cần Thơ	9.467326	106.152277122837
31684	Phường Mỹ Xuyên	92	Thành phố Cần Thơ	9.5550915	105.92588364266533
31687	Xã Tài Văn	92	Thành phố Cần Thơ	9.539177500000001	106.04978189760328
3169	Xã Nà Hỳ	11	Tỉnh Điện Biên	21.833678	102.73281058294798
31699	Xã Thạnh Thới An	92	Thành phố Cần Thơ	9.482368000000001	106.01132898287803
31708	Xã Nhu Gia	92	Thành phố Cần Thơ	9.4565925	105.84673949736842
31717	Xã Hòa Tú	92	Thành phố Cần Thơ	9.418998	105.88799257522123
3172	Xã Na Sang	11	Tỉnh Điện Biên	21.775674000000002	103.06163535680628
31723	Xã Ngọc Tố	92	Thành phố Cần Thơ	9.4743705	105.94304299156829
31726	Xã Gia Hòa	92	Thành phố Cần Thơ	9.431519999999999	105.79788712158054
31732	Phường Ngã Năm	92	Thành phố Cần Thơ	9.582681000000001	105.6121886329196
31741	Xã Tân Long	92	Thành phố Cần Thơ	9.5290555	105.6727249015554
3175	Xã Chà Tở	11	Tỉnh Điện Biên	21.9907355	102.9363703697183
31753	Phường Mỹ Quới	92	Thành phố Cần Thơ	9.48435	105.58342529719283
31756	Xã Phú Lộc	92	Thành phố Cần Thơ	9.4351925	105.71124303475936
31759	Xã Lâm Tân	92	Thành phố Cần Thơ	9.504401000000001	105.79096522390842
3176	Xã Nà Bủng	11	Tỉnh Điện Biên	21.7255125	102.71627988669152
31777	Xã Vĩnh Lợi	92	Thành phố Cần Thơ	9.43648	105.63193953167641
31783	Phường Vĩnh Châu	92	Thành phố Cần Thơ	9.3501385	106.0265601318971
31789	Phường Khánh Hòa	92	Thành phố Cần Thơ	9.395112999999998	105.99578645277577
31795	Xã Vĩnh Hải	92	Thành phố Cần Thơ	9.372731	106.13973476554405
31804	Phường Vĩnh Phước	92	Thành phố Cần Thơ	9.320167999999999	105.9166273277439
3181	Xã Mường Tùng	11	Tỉnh Điện Biên	21.9525	103.09272141766624
31810	Xã Lai Hòa	92	Thành phố Cần Thơ	9.299527999999999	105.84470635833424
31825	Phường Bạc Liêu	96	Tỉnh Cà Mau	9.289475	105.70850647524536
31834	Phường Vĩnh Trạch	96	Tỉnh Cà Mau	9.2981945	105.78153163664385
31840	Phường Hiệp Thành	96	Tỉnh Cà Mau	9.2428125	105.76624196329294
31843	Xã Hồng Dân	96	Tỉnh Cà Mau	9.5382695	105.45518827546792
31849	Xã Ninh Quới	96	Tỉnh Cà Mau	9.5239195	105.52366542345959
31858	Xã Vĩnh Lộc	96	Tỉnh Cà Mau	9.577040499999999	105.36503753268278
31864	Xã Ninh Thạnh Lợi	96	Tỉnh Cà Mau	9.463035999999999	105.34853616310687
31867	Xã Phước Long	96	Tỉnh Cà Mau	9.4363	105.48747522174446
31876	Xã Vĩnh Phước	96	Tỉnh Cà Mau	9.4088895	105.40527048655593
31882	Xã Vĩnh Thanh	96	Tỉnh Cà Mau	9.388537	105.53009544148507
31885	Xã Phong Hiệp	96	Tỉnh Cà Mau	9.3356015	105.31559628681472
31891	Xã Hòa Bình	96	Tỉnh Cà Mau	9.2706845	105.63336345580964
31894	Xã Châu Thới	96	Tỉnh Cà Mau	9.377556	105.62051499698796
31900	Xã Vĩnh Lợi	96	Tỉnh Cà Mau	9.362479	105.73691602693603
31906	Xã Hưng Hội	96	Tỉnh Cà Mau	9.35253	105.7986128102564
31918	Xã Vĩnh Mỹ	96	Tỉnh Cà Mau	9.3198765	105.57365820938773
31927	Xã Vĩnh Hậu	96	Tỉnh Cà Mau	9.20704	105.65497689402174
3193	Xã Pa Ham	11	Tỉnh Điện Biên	21.891216	103.22378623624067
3194	Xã Nậm Nèn	11	Tỉnh Điện Biên	21.8044045	103.2258220401735
31942	Phường Giá Rai	96	Tỉnh Cà Mau	9.283211999999999	105.38990866021126
31951	Phường Láng Tròn	96	Tỉnh Cà Mau	9.2973505	105.47253071464081
31957	Xã Phong Thạnh	96	Tỉnh Cà Mau	9.2386975	105.32593192550073
31972	Xã Gành Hào	96	Tỉnh Cà Mau	9.083948	105.42864044554656
31975	Xã Đông Hải	96	Tỉnh Cà Mau	9.1805005	105.53170902881283
31985	Xã Long Điền	96	Tỉnh Cà Mau	9.157572	105.45213669723528
31988	Xã An Trạch	96	Tỉnh Cà Mau	9.164517499999999	105.3568462201317
3199	Xã Si Pa Phìn	11	Tỉnh Điện Biên	21.809762499999998	102.92014989739229
31993	Xã Định Thành	96	Tỉnh Cà Mau	9.120935	105.28455086708861
32002	Phường An Xuyên	96	Tỉnh Cà Mau	9.222267500000001	105.1786479589372
32014	Phường Lý Văn Lâm	96	Tỉnh Cà Mau	9.160953	105.12669861884058
3202	Xã Mường Pồn	11	Tỉnh Điện Biên	21.587114	103.02994290020847
32025	Phường Tân Thành	96	Tỉnh Cà Mau	9.1941685	105.21296463979513
3203	Xã Na Son	11	Tỉnh Điện Biên	21.2973595	103.21437316651377
32041	Phường Hòa Thành	96	Tỉnh Cà Mau	9.128649500000002	105.20583931572165
32044	Xã Nguyễn Phích	96	Tỉnh Cà Mau	9.4388015	104.98416540763998
32047	Xã U Minh	96	Tỉnh Cà Mau	9.444595	104.87812854545456
32059	Xã Khánh An	96	Tỉnh Cà Mau	9.255825	105.00684974534114
32062	Xã Khánh Lâm	96	Tỉnh Cà Mau	9.3355125	104.91828898459384
32065	Xã Thới Bình	96	Tỉnh Cà Mau	9.348021500000002	105.12041034091612
32069	Xã Biển Bạch	96	Tỉnh Cà Mau	9.462199	105.07445504462243
32071	Xã Trí Phải	96	Tỉnh Cà Mau	9.4004875	105.19146783483706
3208	Xã Xa Dung	11	Tỉnh Điện Biên	21.3182355	103.29956698449445
32083	Xã Tân Lộc	96	Tỉnh Cà Mau	9.2955705	105.22831982710281
32092	Xã Hồ Thị Kỷ	96	Tỉnh Cà Mau	9.252637499999999	105.12358875408435
32095	Xã Trần Văn Thời	96	Tỉnh Cà Mau	9.0858685	104.94890716577567
32098	Xã Sông Đốc	96	Tỉnh Cà Mau	9.0260705	104.85055998744656
32104	Xã Đá Bạc	96	Tỉnh Cà Mau	9.207544	104.90484239473685
32110	Xã Khánh Bình	96	Tỉnh Cà Mau	9.138031	105.01325653799564
32119	Xã Khánh Hưng	96	Tỉnh Cà Mau	9.108883500000001	104.86154770914607
32128	Xã Cái Nước	96	Tỉnh Cà Mau	8.907924	105.03372217639594
32134	Xã Lương Thế Trân	96	Tỉnh Cà Mau	9.104789	105.08982673245615
32137	Xã Tân Hưng	96	Tỉnh Cà Mau	9.010254499999999	105.07907789329877
3214	Xã Mường Luân	11	Tỉnh Điện Biên	21.2466205	103.37880302850401
32140	Xã Hưng Mỹ	96	Tỉnh Cà Mau	9.001744500000001	104.99923884992666
32152	Xã Đầm Dơi	96	Tỉnh Cà Mau	8.9612595	105.20040519193549
32155	Xã Tạ An Khương	96	Tỉnh Cà Mau	9.035137500000001	105.21564451406539
32161	Xã Trần Phán	96	Tỉnh Cà Mau	9.0181815	105.1404809238806
32167	Xã Tân Thuận	96	Tỉnh Cà Mau	9.0144515	105.32927497246126
3217	Xã Tủa Chùa	11	Tỉnh Điện Biên	21.821983000000003	103.3619244317139
32182	Xã Quách Phẩm	96	Tỉnh Cà Mau	8.897936000000001	105.11919129521739
32185	Xã Thanh Tùng	96	Tỉnh Cà Mau	8.887727	105.19573635380834
32188	Xã Tân Tiến	96	Tỉnh Cà Mau	8.902493	105.30296988426966
32191	Xã Năm Căn	96	Tỉnh Cà Mau	8.812900500000001	105.04015673314186
322	Phường Tương Mai	1	Thành phố Hà Nội	20.990705	105.85269811813187
3220	Xã Tủa Thàng	11	Tỉnh Điện Biên	22.0307615	103.4399786734561
32201	Xã Đất Mới	96	Tỉnh Cà Mau	8.7722165	104.93648352253999
32206	Xã Tam Giang	96	Tỉnh Cà Mau	8.804137	105.18322943720929
32212	Xã Cái Đôi Vàm	96	Tỉnh Cà Mau	8.835606	104.83160056870679
32214	Xã Phú Mỹ	96	Tỉnh Cà Mau	8.9583225	104.92227816343151
32218	Xã Phú Tân	96	Tỉnh Cà Mau	8.929822999999999	104.84587567109521
32227	Xã Nguyễn Việt Khái	96	Tỉnh Cà Mau	8.87208	104.93130374561403
32236	Xã Tân Ân	96	Tỉnh Cà Mau	8.7270575	105.07709940708155
32244	Xã Phan Ngọc Hiển	96	Tỉnh Cà Mau	8.6621755	104.97629877966571
32248	Xã Đất Mũi	96	Tỉnh Cà Mau	8.644853999999999	104.80510884244916
3226	Xã Sín Chải	11	Tỉnh Điện Biên	22.053451	103.34865734169603
3241	Xã Sính Phình	11	Tỉnh Điện Biên	21.944819000000003	103.32719743617022
3244	Xã Sáng Nhè	11	Tỉnh Điện Biên	21.8465895	103.45857801330799
3253	Xã Tuần Giáo	11	Tỉnh Điện Biên	21.631134	103.44430516588784
3256	Xã Mường Ảng	11	Tỉnh Điện Biên	21.4888895	103.22188504433541
3260	Xã Pú Nhung	11	Tỉnh Điện Biên	21.722371	103.49004875076162
3268	Xã Mường Mùn	11	Tỉnh Điện Biên	21.724705	103.318390772002
328	Phường Lĩnh Nam	1	Thành phố Hà Nội	20.975907	105.89608466569767
3283	Xã Chiềng Sinh	11	Tỉnh Điện Biên	21.609858000000003	103.33653165534466
3295	Xã Quài Tở	11	Tỉnh Điện Biên	21.541656	103.45727959909571
3301	Xã Búng Lao	11	Tỉnh Điện Biên	21.546397499999998	103.28904923700307
331	Phường Hoàng Mai	1	Thành phố Hà Nội	20.973827	105.86176122826087
3313	Xã Mường Lạn	11	Tỉnh Điện Biên	21.451355999999997	103.31766513041806
3316	Xã Nà Tấu	11	Tỉnh Điện Biên	21.562708999999998	103.14456703498661
3325	Xã Mường Phăng	11	Tỉnh Điện Biên	21.472438	103.10421357423209
3328	Xã Thanh Nưa	11	Tỉnh Điện Biên	21.421513	102.97339021729877
3334	Phường Mường Thanh	11	Tỉnh Điện Biên	21.3660865	103.03645622628372
3349	Xã Thanh Yên	11	Tỉnh Điện Biên	21.3060845	102.9473130297619
3352	Xã Thanh An	11	Tỉnh Điện Biên	21.301945	103.03835982525041
3356	Xã Sam Mứn	11	Tỉnh Điện Biên	21.2074395	102.9486629153075
3358	Xã Núa Ngam	11	Tỉnh Điện Biên	21.179170499999998	103.05267140100155
3368	Xã Mường Nhà	11	Tỉnh Điện Biên	21.0237475	103.17135387859008
337	Phường Hoàng Liệt	1	Thành phố Hà Nội	20.9611425	105.82821916610284
3370	Xã Pu Nhi	11	Tỉnh Điện Biên	21.3456515	103.13447433834588
3382	Xã Phình Giàng	11	Tỉnh Điện Biên	21.1251665	103.22445899680406
3385	Xã Tìa Dình	11	Tỉnh Điện Biên	21.1414605	103.3379216450513
3388	Phường Đoàn Kết	12	Tỉnh Lai Châu	22.4351005	103.40873501603993
3390	Xã Bình Lư	12	Tỉnh Lai Châu	22.344203	103.67273346343538
3394	Xã Sin Suối Hồ	12	Tỉnh Lai Châu	22.520421	103.49497982908679
340	Phường Yên Sở	1	Thành phố Hà Nội	20.954818000000003	105.8566149555009
3405	Xã Tả Lèng	12	Tỉnh Lai Châu	22.4016655	103.56175609892638
3408	Phường Tân Phong	12	Tỉnh Lai Châu	22.3559665	103.47429258636363
3424	Xã Bản Bo	12	Tỉnh Lai Châu	22.2826285	103.6875055667359
3430	Xã Khun Há	12	Tỉnh Lai Châu	22.261943000000002	103.57255280350553
3433	Xã Bum Tở	12	Tỉnh Lai Châu	22.365056	102.7819641413793
3434	Xã Nậm Hàng	12	Tỉnh Lai Châu	22.154584	103.02219362820513
3439	Xã Thu Lũm	12	Tỉnh Lai Châu	22.668139	102.43397372343361
3442	Xã Pa Ủ	12	Tỉnh Lai Châu	22.618069	102.68811764930285
3445	Xã Mường Tè	12	Tỉnh Lai Châu	22.503399	102.64343970938897
3451	Xã Mù Cả	12	Tỉnh Lai Châu	22.4653785	102.48625003255984
3460	Xã Hua Bum	12	Tỉnh Lai Châu	22.3696075	102.98749254600378
3463	Xã Tà Tổng	12	Tỉnh Lai Châu	22.3011775	102.61223874506157
3466	Xã Bum Nưa	12	Tỉnh Lai Châu	22.4867075	102.86937111127168
3472	Xã Mường Mô	12	Tỉnh Lai Châu	22.17674	102.85084817533081
3478	Xã Sìn Hồ	12	Tỉnh Lai Châu	22.319747	103.22415935210714
3487	Xã Lê Lợi	12	Tỉnh Lai Châu	22.184267499999997	103.14453918089124
3503	Xã Pa Tần	12	Tỉnh Lai Châu	22.406108500000002	103.10899148732719
3508	Xã Hồng Thu	12	Tỉnh Lai Châu	22.4332315	103.28056319278906
3517	Xã Nậm Tăm	12	Tỉnh Lai Châu	22.288074	103.39303351456113
352	Phường Phương Liệt	1	Thành phố Hà Nội	20.993009999999998	105.83138175425381
3529	Xã Tủa Sín Chải	12	Tỉnh Lai Châu	22.1908765	103.27482542668567
3532	Xã Pu Sam Cáp	12	Tỉnh Lai Châu	22.2308315	103.48438726899687
3538	Xã Nậm Mạ	12	Tỉnh Lai Châu	22.1511465	103.43814532506887
3544	Xã Nậm Cuổi	12	Tỉnh Lai Châu	22.075052499999998	103.47791184721048
3549	Xã Phong Thổ	12	Tỉnh Lai Châu	22.567072500000002	103.22107900390625
3562	Xã Sì Lở Lầu	12	Tỉnh Lai Châu	22.7437255	103.3664284359289
3571	Xã Dào San	12	Tỉnh Lai Châu	22.667873	103.351563
3583	Xã Khổng Lào	12	Tỉnh Lai Châu	22.590649	103.37809201253133
3595	Xã Than Uyên	12	Tỉnh Lai Châu	21.957182	103.8802323499385
3598	Xã Tân Uyên	12	Tỉnh Lai Châu	22.139423	103.73676614048952
3601	Xã Mường Khoa	12	Tỉnh Lai Châu	22.221954500000002	103.71519702594341
3613	Xã Nậm Sỏ	12	Tỉnh Lai Châu	22.055521499999998	103.59935501374005
3616	Xã Pắc Ta	12	Tỉnh Lai Châu	22.108324000000003	103.85741243080358
3618	Xã Mường Than	12	Tỉnh Lai Châu	22.0237325	103.86219774202127
3637	Xã Mường Kim	12	Tỉnh Lai Châu	21.881912	103.80146962637988
364	Phường Khương Đình	1	Thành phố Hà Nội	20.991115	105.81312486051212
3640	Xã Khoen On	12	Tỉnh Lai Châu	21.7706285	103.84941409825538
3646	Phường Tô Hiệu	14	Tỉnh Sơn La	21.326382	103.92455029932736
3664	Phường Chiềng An	14	Tỉnh Sơn La	21.384298	103.8947659350381
367	Phường Thanh Xuân	1	Thành phố Hà Nội	20.999364	105.80580092197451
3670	Phường Chiềng Cơi	14	Tỉnh Sơn La	21.2981365	103.87165218069049
3679	Phường Chiềng Sinh	14	Tỉnh Sơn La	21.3081085	103.96901410121909
3688	Xã Mường Chiên	14	Tỉnh Sơn La	21.918962	103.60317763307494
3694	Xã Mường Giôn	14	Tỉnh Sơn La	21.749156499999998	103.6812108752026
3703	Xã Quỳnh Nhai	14	Tỉnh Sơn La	21.633446	103.6168734203674
3712	Xã Mường Sại	14	Tỉnh Sơn La	21.598471	103.7345764050633
3721	Xã Thuận Châu	14	Tỉnh Sơn La	21.4370635	103.70954143784472
3724	Xã Bình Thuận	14	Tỉnh Sơn La	21.5546765	103.59467674712171
3727	Xã Mường É	14	Tỉnh Sơn La	21.4989665	103.55731019827586
3754	Xã Chiềng La	14	Tỉnh Sơn La	21.4670715	103.76414917335356
3757	Xã Mường Khiêng	14	Tỉnh Sơn La	21.489711	103.89006861830501
376	Xã Sóc Sơn	1	Thành phố Hà Nội	21.245413499999998	105.84982465361375
3760	Xã Mường Bám	14	Tỉnh Sơn La	21.383013499999997	103.39032313778256
3763	Xã Long Hẹ	14	Tỉnh Sơn La	21.447189	103.50525041308396
3781	Xã Co Mạ	14	Tỉnh Sơn La	21.305835000000002	103.52894196259481
3784	Xã Nậm Lầu	14	Tỉnh Sơn La	21.358346	103.67474328373785
3799	Xã Muổi Nọi	14	Tỉnh Sơn La	21.3002465	103.79589044576602
3808	Xã Mường La	14	Tỉnh Sơn La	21.5335545	104.05121033268858
3814	Xã Chiềng Lao	14	Tỉnh Sơn La	21.6424545	103.94536297091838
382	Xã Kim Anh	1	Thành phố Hà Nội	21.2956485	105.77367859989955
3820	Xã Ngọc Chiến	14	Tỉnh Sơn La	21.611307	104.20151754022987
3847	Xã Mường Bú	14	Tỉnh Sơn La	21.4018285	104.03711045899999
385	Xã Trung Giã	1	Thành phố Hà Nội	21.3315055	105.8316014352022
3850	Xã Chiềng Hoa	14	Tỉnh Sơn La	21.464817	104.20306396240733
3856	Xã Bắc Yên	14	Tỉnh Sơn La	21.1878535	104.45273574316192
3862	Xã Xím Vàng	14	Tỉnh Sơn La	21.355773999999997	104.3263773974418
3868	Xã Tà Xùa	14	Tỉnh Sơn La	21.327114	104.49318676724138
3871	Xã Pắc Ngà	14	Tỉnh Sơn La	21.299490499999997	104.23045895754687
3880	Xã Tạ Khoa	14	Tỉnh Sơn La	21.164996	104.32992642524981
3892	Xã Chiềng Sại	14	Tỉnh Sơn La	21.071033999999997	104.45846842457033
3901	Xã Suối Tọ	14	Tỉnh Sơn La	21.3223395	104.62378318825301
3907	Xã Mường Cơi	14	Tỉnh Sơn La	21.3062985	104.76386711143627
3910	Xã Phù Yên	14	Tỉnh Sơn La	21.237528	104.65802406424265
3922	Xã Gia Phù	14	Tỉnh Sơn La	21.1791865	104.55641943544491
3943	Xã Mường Bang	14	Tỉnh Sơn La	21.1668715	104.79236612131268
3958	Xã Tường Hạ	14	Tỉnh Sơn La	21.14092	104.67261915082645
3961	Xã Kim Bon	14	Tỉnh Sơn La	21.11017	104.58457131350974
3970	Xã Tân Phong	14	Tỉnh Sơn La	21.077336	104.7404214407042
3979	Phường Mộc Sơn	14	Tỉnh Sơn La	20.811816	104.64805174473068
3980	Phường Mộc Châu	14	Tỉnh Sơn La	20.889871499999998	104.56330693513995
3982	Phường Thảo Nguyên	14	Tỉnh Sơn La	20.874599	104.69807160020599
3985	Xã Chiềng Sơn	14	Tỉnh Sơn La	20.7498035	104.65317404093199
3997	Xã Tân Yên	14	Tỉnh Sơn La	20.979256	104.58881146098639
4	Phường Ba Đình	1	Thành phố Hà Nội	21.039445999999998	105.83636508748361
4000	Xã Đoàn Kết	14	Tỉnh Sơn La	20.952605	104.7211872249122
4006	Xã Song Khủa	14	Tỉnh Sơn La	20.9202325	104.89975935860927
4018	Xã Tô Múa	14	Tỉnh Sơn La	20.924789500000003	104.81631156040949
4033	Phường Vân Sơn	14	Tỉnh Sơn La	20.834445	104.73949172470162
4045	Xã Lóng Sập	14	Tỉnh Sơn La	20.793621	104.50729618045781
4048	Xã Vân Hồ	14	Tỉnh Sơn La	20.793309	104.85315327701673
4057	Xã Xuân Nha	14	Tỉnh Sơn La	20.6672625	104.73813552506681
4075	Xã Yên Châu	14	Tỉnh Sơn La	21.080388499999998	104.29438738419368
4078	Xã Chiềng Hặc	14	Tỉnh Sơn La	20.978876	104.42472884611465
4087	Xã Yên Sơn	14	Tỉnh Sơn La	21.0088675	104.18568928203229
4096	Xã Lóng Phiêng	14	Tỉnh Sơn La	20.884071499999997	104.38605528549382
4099	Xã Phiêng Khoài	14	Tỉnh Sơn La	20.9567965	104.29339975786216
4105	Xã Mai Sơn	14	Tỉnh Sơn La	21.146174000000002	104.15800866083453
4108	Xã Chiềng Sung	14	Tỉnh Sơn La	21.309184000000002	104.13069610318938
4117	Xã Mường Chanh	14	Tỉnh Sơn La	21.2196765	103.87512242038498
4123	Xã Chiềng Mung	14	Tỉnh Sơn La	21.277421	104.04683210058147
4132	Xã Chiềng Mai	14	Tỉnh Sơn La	21.1895395	103.98061841317366
4136	Xã Tà Hộc	14	Tỉnh Sơn La	21.244795	104.21777149028802
4144	Xã Phiêng Cằm	14	Tỉnh Sơn La	21.1524765	103.8351395065468
4159	Xã Phiêng Pằn	14	Tỉnh Sơn La	21.0549985	104.04272672983193
4168	Xã Sông Mã	14	Tỉnh Sơn La	21.0900855	103.73624632839801
4171	Xã Bó Sinh	14	Tỉnh Sơn La	21.258798	103.46882362872987
4183	Xã Mường Lầm	14	Tỉnh Sơn La	21.1400655	103.46529578598485
4186	Xã Nậm Ty	14	Tỉnh Sơn La	21.2232645	103.661241122928
4195	Xã Chiềng Sơ	14	Tỉnh Sơn La	21.131904	103.60277898171645
4204	Xã Chiềng Khoong	14	Tỉnh Sơn La	20.9649025	103.75425125477823
4210	Xã Huổi Một	14	Tỉnh Sơn La	21.033133	103.64634693834424
4219	Xã Mường Hung	14	Tỉnh Sơn La	20.962144000000002	103.87649964195981
4222	Xã Chiềng Khương	14	Tỉnh Sơn La	20.961348	104.00350400887574
4228	Xã Púng Bánh	14	Tỉnh Sơn La	21.006039	103.46918761724889
4231	Xã Sốp Cộp	14	Tỉnh Sơn La	20.8697	103.57212954620749
4240	Xã Mường Lèo	14	Tỉnh Sơn La	20.899222	103.35839608342269
4246	Xã Mường Lạn	14	Tỉnh Sơn La	20.767313	103.70792054791272
4252	Phường Yên Bái	15	Tỉnh Lào Cai	21.714275	104.89352651266233
4273	Phường Nam Cường	15	Tỉnh Lào Cai	21.752603999999998	104.88666728783186
4279	Phường Văn Phú	15	Tỉnh Lào Cai	21.69612	104.9448964159065
4288	Phường Nghĩa Lộ	15	Tỉnh Lào Cai	21.5925315	104.48784291048725
430	Xã Đa Phúc	1	Thành phố Hà Nội	21.2473475	105.91296753331402
4303	Xã Lục Yên	15	Tỉnh Lào Cai	22.1176965	104.77617625044883
4309	Xã Lâm Thượng	15	Tỉnh Lào Cai	22.220457500000002	104.68349799784568
433	Xã Nội Bài	1	Thành phố Hà Nội	21.2360095	105.77359289114833
4336	Xã Tân Lĩnh	15	Tỉnh Lào Cai	22.077605	104.75097520762712
4342	Xã Khánh Hòa	15	Tỉnh Lào Cai	22.1117195	104.6385171086972
4345	Xã Mường Lai	15	Tỉnh Lào Cai	22.059217	104.84402381923266
4363	Xã Phúc Lợi	15	Tỉnh Lào Cai	22.0061125	104.70722171283785
4375	Xã Mậu A	15	Tỉnh Lào Cai	21.902047500000002	104.71250798439024
4381	Xã Lâm Giang	15	Tỉnh Lào Cai	22.1067105	104.48186617237442
4387	Xã Châu Quế	15	Tỉnh Lào Cai	22.0348805	104.45491383216783
4399	Xã Đông Cuông	15	Tỉnh Lào Cai	21.983031	104.60248402139874
4402	Xã Phong Dụ Hạ	15	Tỉnh Lào Cai	21.8958755	104.5057359742583
4423	Xã Phong Dụ Thượng	15	Tỉnh Lào Cai	21.835881	104.42039758651576
4429	Xã Tân Hợp	15	Tỉnh Lào Cai	21.827205499999998	104.57712351001955
4441	Xã Xuân Ái	15	Tỉnh Lào Cai	21.798142499999997	104.71014720244565
4450	Xã Mỏ Vàng	15	Tỉnh Lào Cai	21.710827000000002	104.62494750659684
4456	Xã Mù Cang Chải	15	Tỉnh Lào Cai	21.851080500000002	104.11871915538484
4462	Xã Nậm Có	15	Tỉnh Lào Cai	21.859082	104.276371642
4465	Xã Khao Mang	15	Tỉnh Lào Cai	21.908511500000003	103.97466817399322
4474	Xã Lao Chải	15	Tỉnh Lào Cai	21.816961499999998	104.00557248106077
4489	Xã Chế Tạo	15	Tỉnh Lào Cai	21.7070125	104.03146162352596
4492	Xã Púng Luông	15	Tỉnh Lào Cai	21.7362615	104.19504591944445
4498	Xã Trấn Yên	15	Tỉnh Lào Cai	21.812272999999998	104.81456206634515
4531	Xã Quy Mông	15	Tỉnh Lào Cai	21.724384999999998	104.76622464241139
4537	Xã Lương Thịnh	15	Tỉnh Lào Cai	21.6431565	104.77250964909538
454	Xã Đông Anh	1	Thành phố Hà Nội	21.110009499999997	105.87580019469502
4543	Phường Âu Lâu	15	Tỉnh Lào Cai	21.6608165	104.90222507498358
4564	Xã Việt Hồng	15	Tỉnh Lào Cai	21.6039685	104.85311374409159
4576	Xã Hưng Khánh	15	Tỉnh Lào Cai	21.598039999999997	104.71381075
4585	Xã Hạnh Phúc	15	Tỉnh Lào Cai	21.4810855	104.35045479876467
4603	Xã Tà Xi Láng	15	Tỉnh Lào Cai	21.4699905	104.60515314324002
4606	Xã Trạm Tấu	15	Tỉnh Lào Cai	21.5563115	104.42556624489796
4609	Xã Phình Hồ	15	Tỉnh Lào Cai	21.4527885	104.50901883765128
4630	Xã Tú Lệ	15	Tỉnh Lào Cai	21.7811715	104.27695383152174
4636	Xã Gia Hội	15	Tỉnh Lào Cai	21.70024	104.38021908470105
4651	Xã Sơn Lương	15	Tỉnh Lào Cai	21.7174645	104.51044133140925
466	Xã Phúc Thịnh	1	Thành phố Hà Nội	21.158925500000002	105.80870120988408
4660	Xã Liên Sơn	15	Tỉnh Lào Cai	21.643493999999997	104.4977784047619
4663	Phường Trung Tâm	15	Tỉnh Lào Cai	21.5882035	104.54637360522432
4672	Xã Văn Chấn	15	Tỉnh Lào Cai	21.573510499999998	104.6099047979501
4681	Phường Cầu Thia	15	Tỉnh Lào Cai	21.554857	104.49805229166665
4693	Xã Cát Thịnh	15	Tỉnh Lào Cai	21.463959000000003	104.69981793541666
4699	Xã Chấn Thịnh	15	Tỉnh Lào Cai	21.5043575	104.81409301254646
4705	Xã Thượng Bằng La	15	Tỉnh Lào Cai	21.407563500000002	104.7662357166455
4711	Xã Nghĩa Tâm	15	Tỉnh Lào Cai	21.410845000000002	104.85170996561772
4714	Xã Yên Bình	15	Tỉnh Lào Cai	21.7738005	104.95296626542857
4717	Xã Thác Bà	15	Tỉnh Lào Cai	21.7595005	105.03395613685714
4726	Xã Cảm Nhân	15	Tỉnh Lào Cai	22.004416	104.93039452969121
4744	Xã Yên Thành	15	Tỉnh Lào Cai	21.891908	104.97547303795658
475	Xã Thư Lâm	1	Thành phố Hà Nội	21.1626865	105.88443475913957
4750	Xã Bảo Ái	15	Tỉnh Lào Cai	21.8966395	104.85492739785789
4792	Phường Tân Hòa	25	Tỉnh Phú Thọ	20.868489	105.31764152355535
4795	Phường Hòa Bình	25	Tỉnh Phú Thọ	20.8435255	105.3598038921875
4828	Phường Thống Nhất	25	Tỉnh Phú Thọ	20.778659	105.3377444610895
4831	Xã Đà Bắc	25	Tỉnh Phú Thọ	20.8725295	105.24635739628098
4846	Xã Đức Nhàn	25	Tỉnh Phú Thọ	21.039591	104.90603412740111
4849	Xã Tân Pheo	25	Tỉnh Phú Thọ	20.990257	105.03252140801403
4873	Xã Quy Đức	25	Tỉnh Phú Thọ	20.885792000000002	105.05621152386692
4876	Xã Cao Sơn	25	Tỉnh Phú Thọ	20.8855045	105.16355467557784
4891	Xã Tiền Phong	25	Tỉnh Phú Thọ	20.800611	105.17313262346889
4894	Phường Kỳ Sơn	25	Tỉnh Phú Thọ	20.8688805	105.4035479057896
4897	Xã Thịnh Minh	25	Tỉnh Phú Thọ	20.970304	105.38485994123886
4924	Xã Lương Sơn	25	Tỉnh Phú Thọ	20.876341500000002	105.50160146996754
493	Xã Thiên Lộc	1	Thành phố Hà Nội	21.1261465	105.77312516768289
4930	Xã Yên Xuân	1	Thành phố Hà Nội	20.973868000000003	105.47909747973756
4960	Xã Liên Sơn	25	Tỉnh Phú Thọ	20.8124395	105.5169074950187
4978	Xã Kim Bôi	25	Tỉnh Phú Thọ	20.660276500000002	105.52668495887553
4990	Xã Nật Sơn	25	Tỉnh Phú Thọ	20.745862	105.52626584807692
5014	Xã Mường Động	25	Tỉnh Phú Thọ	20.689049	105.44469788333333
5047	Xã Cao Dương	25	Tỉnh Phú Thọ	20.695162500000002	105.64154285807649
5068	Xã Hợp Kim	25	Tỉnh Phú Thọ	20.6500725	105.5861936916499
508	Xã Vĩnh Thanh	1	Thành phố Hà Nội	21.103611	105.81657255093458
5086	Xã Dũng Tiến	25	Tỉnh Phú Thọ	20.571108	105.56609718215817
5089	Xã Cao Phong	25	Tỉnh Phú Thọ	20.7052455	105.35761198278601
5092	Xã Thung Nai	25	Tỉnh Phú Thọ	20.741409	105.26711391853433
5116	Xã Mường Thàng	25	Tỉnh Phú Thọ	20.654034	105.34563533523726
5128	Xã Tân Lạc	25	Tỉnh Phú Thọ	20.580747000000002	105.32380810452187
5134	Xã Mường Hoa	25	Tỉnh Phú Thọ	20.711057500000003	105.20600402695419
5152	Xã Vân Sơn	25	Tỉnh Phú Thọ	20.5423895	105.19005320727483
5158	Xã Mường Bi	25	Tỉnh Phú Thọ	20.651139	105.17583714359898
5191	Xã Toàn Thắng	25	Tỉnh Phú Thọ	20.5540905	105.24380554827782
5200	Xã Mai Châu	25	Tỉnh Phú Thọ	20.6521885	105.11190782463916
5206	Xã Tân Mai	25	Tỉnh Phú Thọ	20.785467500000003	105.06214499712644
5212	Xã Pà Cò	25	Tỉnh Phú Thọ	20.710212499999997	104.88874755581395
5245	Xã Bao La	25	Tỉnh Phú Thọ	20.643653999999998	104.97977747522677
5251	Xã Mai Hạ	25	Tỉnh Phú Thọ	20.607986	105.05569115792129
5266	Xã Lạc Sơn	25	Tỉnh Phú Thọ	20.450319	105.48715940579709
5287	Xã Mường Vang	25	Tỉnh Phú Thọ	20.582428	105.46144443511662
5290	Xã Nhân Nghĩa	25	Tỉnh Phú Thọ	20.553861	105.51668161551723
5293	Xã Thượng Cốc	25	Tỉnh Phú Thọ	20.5422295	105.39347414896324
5305	Xã Yên Phú	25	Tỉnh Phú Thọ	20.486858499999997	105.49214097538257
5323	Xã Quyết Thắng	25	Tỉnh Phú Thọ	20.474152	105.36241648723724
5329	Xã Ngọc Sơn	25	Tỉnh Phú Thọ	20.424748	105.36027859032939
5347	Xã Đại Đồng	25	Tỉnh Phú Thọ	20.4023115	105.49861931666666
5353	Xã Yên Thủy	25	Tỉnh Phú Thọ	20.386283	105.60108155546358
5362	Xã Lạc Lương	25	Tỉnh Phú Thọ	20.4790705	105.62860608395522
5386	Xã Yên Trị	25	Tỉnh Phú Thọ	20.3723945	105.68320291736953
5392	Xã Lạc Thủy	25	Tỉnh Phú Thọ	20.476889	105.7969797914582
5395	Xã An Nghĩa	25	Tỉnh Phú Thọ	20.5664765	105.72337444708995
541	Xã Phù Đổng	1	Thành phố Hà Nội	21.079253	105.93251821125
5425	Xã An Bình	25	Tỉnh Phú Thọ	20.4604125	105.70797123243088
5443	Phường Phan Đình Phùng	19	Tỉnh Thái Nguyên	21.5861115	105.83619171942362
5455	Phường Quyết Thắng	19	Tỉnh Thái Nguyên	21.581314	105.78742718312103
5467	Phường Gia Sàng	19	Tỉnh Thái Nguyên	21.56001	105.88309551442731
5482	Phường Quan Triều	19	Tỉnh Thái Nguyên	21.63221	105.78889924309858
5488	Xã Đại Phúc	19	Tỉnh Thái Nguyên	21.577374499999998	105.73476354999535
5500	Phường Tích Lương	19	Tỉnh Thái Nguyên	21.5458445	105.85036093475452
5503	Xã Tân Cương	19	Tỉnh Thái Nguyên	21.518015	105.78257119732936
5518	Phường Sông Công	19	Tỉnh Thái Nguyên	21.4569415	105.84973093737372
5528	Phường Bách Quang	19	Tỉnh Thái Nguyên	21.505392	105.86652994199098
5533	Phường Bá Xuyên	19	Tỉnh Thái Nguyên	21.4871995	105.82873752843238
5542	Xã Lam Vỹ	19	Tỉnh Thái Nguyên	21.9967095	105.696819554321
5551	Xã Kim Phượng	19	Tỉnh Thái Nguyên	21.96582	105.62357674721572
5563	Xã Phượng Tiến	19	Tỉnh Thái Nguyên	21.928977500000002	105.72113975187406
5569	Xã Định Hóa	19	Tỉnh Thái Nguyên	21.907109499999997	105.60313002774784
5581	Xã Trung Hội	19	Tỉnh Thái Nguyên	21.82826	105.64964013020996
5587	Xã Bình Yên	19	Tỉnh Thái Nguyên	21.8626495	105.5567939235107
5602	Xã Phú Đình	19	Tỉnh Thái Nguyên	21.808957	105.5227882071784
5605	Xã Bình Thành	19	Tỉnh Thái Nguyên	21.794392	105.57263323103564
5611	Xã Phú Lương	19	Tỉnh Thái Nguyên	21.7475635	105.72495353804348
562	Xã Thuận An	1	Thành phố Hà Nội	21.032625	105.98221884969519
5620	Xã Yên Trạch	19	Tỉnh Thái Nguyên	21.8362335	105.71079024404762
5632	Xã Hợp Thành	19	Tỉnh Thái Nguyên	21.764342499999998	105.66207519409284
5641	Xã Vô Tranh	19	Tỉnh Thái Nguyên	21.701023	105.76598971707818
565	Xã Gia Lâm	1	Thành phố Hà Nội	21.002431	105.95148312048457
5662	Xã Trại Cau	19	Tỉnh Thái Nguyên	21.5828085	105.99245928874268
5674	Xã Quang Sơn	19	Tỉnh Thái Nguyên	21.7348	105.88116759351145
5680	Xã Văn Hán	19	Tỉnh Thái Nguyên	21.664731	105.92131514467005
5692	Xã Đồng Hỷ	19	Tỉnh Thái Nguyên	21.6658095	105.82812598132786
5707	Xã Nam Hòa	19	Tỉnh Thái Nguyên	21.629521	105.98261686059725
5710	Phường Linh Sơn	19	Tỉnh Thái Nguyên	21.6087225	105.86642797915451
5716	Xã Võ Nhai	19	Tỉnh Thái Nguyên	21.7614615	106.07714746611002
5719	Xã Sảng Mộc	19	Tỉnh Thái Nguyên	21.906781000000002	106.00270501987876
5722	Xã Nghinh Tường	19	Tỉnh Thái Nguyên	21.852646999999997	106.06367591533547
5725	Xã Thần Sa	19	Tỉnh Thái Nguyên	21.835756500000002	105.9336114342762
5740	Xã La Hiên	19	Tỉnh Thái Nguyên	21.7437395	105.94795310132193
5746	Xã Tràng Xá	19	Tỉnh Thái Nguyên	21.678651000000002	106.05492023175404
5755	Xã Dân Tiến	19	Tỉnh Thái Nguyên	21.6795985	106.16390645680627
577	Xã Bát Tràng	1	Thành phố Hà Nội	20.9696975	105.90805897136325
5773	Xã Phú Xuyên	19	Tỉnh Thái Nguyên	21.682609499999998	105.5233123381295
5776	Xã Đức Lương	19	Tỉnh Thái Nguyên	21.738509999999998	105.58026316500553
5788	Xã Phú Lạc	19	Tỉnh Thái Nguyên	21.6837725	105.6446927692604
5800	Xã Phú Thịnh	19	Tỉnh Thái Nguyên	21.686446500000002	105.57846989750803
5809	Xã An Khánh	19	Tỉnh Thái Nguyên	21.628303	105.71400011671821
5818	Xã La Bằng	19	Tỉnh Thái Nguyên	21.620811	105.54061029862119
5830	Xã Đại Từ	19	Tỉnh Thái Nguyên	21.583940499999997	105.59688150190334
5845	Xã Vạn Phú	19	Tỉnh Thái Nguyên	21.544499000000002	105.63257380084747
5851	Xã Quân Chu	19	Tỉnh Thái Nguyên	21.488408	105.68514307188906
5857	Phường Phúc Thuận	19	Tỉnh Thái Nguyên	21.464732	105.75536968816222
5860	Phường Phổ Yên	19	Tỉnh Thái Nguyên	21.443099500000002	105.88740132339419
5881	Xã Thành Công	19	Tỉnh Thái Nguyên	21.394762	105.8089617614828
5890	Phường Vạn Xuân	19	Tỉnh Thái Nguyên	21.402873	105.8930206875
5899	Phường Trung Thành	19	Tỉnh Thái Nguyên	21.359805	105.87815555332568
5908	Xã Phú Bình	19	Tỉnh Thái Nguyên	21.4767295	105.95596232125229
5917	Xã Tân Khánh	19	Tỉnh Thái Nguyên	21.543098	105.94098555328158
592	Phường Từ Liêm	1	Thành phố Hà Nội	21.0218935	105.76715631054688
5923	Xã Tân Thành	19	Tỉnh Thái Nguyên	21.5031685	106.00690516826923
5941	Xã Điềm Thụy	19	Tỉnh Thái Nguyên	21.458955	105.91822800075529
5953	Xã Kha Sơn	19	Tỉnh Thái Nguyên	21.432465	105.9964318148977
5977	Phường Đông Kinh	20	Tỉnh Lạng Sơn	21.809838	106.77513346192308
598	Phường Thượng Cát	1	Thành phố Hà Nội	21.086889	105.74886485592447
5983	Phường Lương Văn Tri	20	Tỉnh Lạng Sơn	21.827267499999998	106.73190948275862
5986	Phường Tam Thanh	20	Tỉnh Lạng Sơn	21.88512	106.74298382692308
6001	Xã Đoàn Kết	20	Tỉnh Lạng Sơn	22.387809	106.26436570055711
6004	Xã Quốc Khánh	20	Tỉnh Lạng Sơn	22.340078	106.51725105357143
6019	Xã Tân Tiến	20	Tỉnh Lạng Sơn	22.2850105	106.32374977051451
602	Phường Đông Ngạc	1	Thành phố Hà Nội	21.076461000000002	105.77884746153848
6037	Xã Kháng Chiến	20	Tỉnh Lạng Sơn	22.267363500000002	106.60227704934209
6040	Xã Thất Khê	20	Tỉnh Lạng Sơn	22.3018625	106.43181503438412
6046	Xã Tràng Định	20	Tỉnh Lạng Sơn	22.207849	106.46994980831218
6058	Xã Quốc Việt	20	Tỉnh Lạng Sơn	22.2157645	106.63259382002735
6073	Xã Hoa Thám	20	Tỉnh Lạng Sơn	22.180190500000002	106.36760670138888
6076	Xã Quý Hòa	20	Tỉnh Lạng Sơn	22.178364	106.27611362142835
6079	Xã Hồng Phong	20	Tỉnh Lạng Sơn	22.066632	106.41424815461215
6085	Xã Thiện Hòa	20	Tỉnh Lạng Sơn	22.080492	106.19041004287084
6091	Xã Thiện Thuật	20	Tỉnh Lạng Sơn	22.050666	106.3076354061747
6103	Xã Thiện Long	20	Tỉnh Lạng Sơn	21.9814375	106.19281435690415
611	Phường Xuân Đỉnh	1	Thành phố Hà Nội	21.0655605	105.79555662325724
6112	Xã Bình Gia	20	Tỉnh Lạng Sơn	21.971194500000003	106.34352758933117
6115	Xã Tân Văn	20	Tỉnh Lạng Sơn	21.924094500000002	106.47557564935937
6124	Xã Na Sầm	20	Tỉnh Lạng Sơn	22.0801275	106.61827384132567
613	Phường Tây Tựu	1	Thành phố Hà Nội	21.065262500000003	105.74019868157578
6148	Xã Thụy Hùng	20	Tỉnh Lạng Sơn	22.112147999999998	106.65399090978077
6151	Xã Hội Hoan	20	Tỉnh Lạng Sơn	22.035736	106.4827805147059
6154	Xã Văn Lãng	20	Tỉnh Lạng Sơn	22.086108	106.54564466083916
6172	Xã Hoàng Văn Thụ	20	Tỉnh Lạng Sơn	21.965373999999997	106.64986918711467
6184	Xã Đồng Đăng	20	Tỉnh Lạng Sơn	21.947843	106.71253517896174
6187	Phường Kỳ Lừa	20	Tỉnh Lạng Sơn	21.840732000000003	106.83376348617023
619	Phường Phú Diễn	1	Thành phố Hà Nội	21.04855	105.76374412429776
6196	Xã Ba Sơn	20	Tỉnh Lạng Sơn	21.906579999999998	106.97087126811594
6211	Xã Cao Lộc	20	Tỉnh Lạng Sơn	21.941396	106.81078399248284
622	Phường Xuân Phương	1	Thành phố Hà Nội	21.031439	105.74799850898887
6220	Xã Công Sơn	20	Tỉnh Lạng Sơn	21.8810705	106.86561166971545
6253	Xã Văn Quan	20	Tỉnh Lạng Sơn	21.863253	106.50904779411765
6280	Xã Điềm He	20	Tỉnh Lạng Sơn	21.9439075	106.56478741921666
6286	Xã Khánh Khê	20	Tỉnh Lạng Sơn	21.857885	106.67182530846111
6298	Xã Yên Phúc	20	Tỉnh Lạng Sơn	21.815224999999998	106.54888346272728
6313	Xã Tri Lễ	20	Tỉnh Lạng Sơn	21.780854	106.44432069263861
6316	Xã Tân Đoàn	20	Tỉnh Lạng Sơn	21.783627000000003	106.6392419661017
6325	xã Bắc Sơn	20	Tỉnh Lạng Sơn	21.913508	106.3419884368932
6337	Xã Tân Tri	20	Tỉnh Lạng Sơn	21.876407999999998	106.16468745
634	Phường Tây Mỗ	1	Thành phố Hà Nội	21.000145	105.7478201326484
6349	Xã Hưng Vũ	20	Tỉnh Lạng Sơn	21.801986499999998	106.36605756607496
6364	Xã Vũ Lễ	20	Tỉnh Lạng Sơn	21.816322	106.1754655849835
6367	Xã Vũ Lăng	20	Tỉnh Lạng Sơn	21.833465	106.27512089637986
637	Phường Đại Mỗ	1	Thành phố Hà Nội	20.9931825	105.77680741354264
6376	Xã Nhất Hòa	20	Tỉnh Lạng Sơn	21.7371805	106.2581663360184
6385	Xã Hữu Lũng	20	Tỉnh Lạng Sơn	21.516096	106.35949842429648
6391	Xã Yên Bình	20	Tỉnh Lạng Sơn	21.639957	106.26455546150783
640	Xã Thanh Trì	1	Thành phố Hà Nội	20.9392325	105.86120234765417
6400	Xã Hữu Liên	20	Tỉnh Lạng Sơn	21.672003	106.37402151724137
6415	Xã Vân Nham	20	Tỉnh Lạng Sơn	21.532329500000003	106.28705111212547
6427	Xã Cai Kinh	20	Tỉnh Lạng Sơn	21.585715999999998	106.36507534074823
643	Phường Thanh Liệt	1	Thành phố Hà Nội	20.9706165	105.8023817898711
6436	Xã Thiện Tân	20	Tỉnh Lạng Sơn	21.5529385	106.21309446847826
6445	Xã Tân Thành	20	Tỉnh Lạng Sơn	21.502065	106.46309314447925
6457	Xã Tuấn Sơn	20	Tỉnh Lạng Sơn	21.4594125	106.3491406846698
6463	Xã Chi Lăng	20	Tỉnh Lạng Sơn	21.6082475	106.5355867035061
6475	Xã Bằng Mạc	20	Tỉnh Lạng Sơn	21.717	106.52274969807428
6481	Xã Chiến Thắng	20	Tỉnh Lạng Sơn	21.724668	106.74886051316214
6496	Xã Nhân Lý	20	Tỉnh Lạng Sơn	21.6974095	106.65497101264793
6505	Xã Vạn Linh	20	Tỉnh Lạng Sơn	21.6304275	106.48399304814814
6517	Xã Quan Sơn	20	Tỉnh Lạng Sơn	21.605096500000002	106.7261154803829
6526	Xã Na Dương	20	Tỉnh Lạng Sơn	21.6838335	106.9171850233557
6529	Xã Lộc Bình	20	Tỉnh Lạng Sơn	21.785401	106.9074389265663
6541	Xã Mẫu Sơn	20	Tỉnh Lạng Sơn	21.796839499999997	107.02808644940828
6565	Xã Khuất Xá	20	Tỉnh Lạng Sơn	21.7264815	107.09878158771929
6577	Xã Thống Nhất	20	Tỉnh Lạng Sơn	21.678837	106.81645353226415
6601	Xã Lợi Bác	20	Tỉnh Lạng Sơn	21.6375745	106.97781343010394
6607	Xã Xuân Dương	20	Tỉnh Lạng Sơn	21.587398	106.89201973411372
6613	Xã Đình Lập	20	Tỉnh Lạng Sơn	21.593455	107.06381129709251
6616	Xã Thái Bình	20	Tỉnh Lạng Sơn	21.450343	106.97372789427732
6625	Xã Kiên Mộc	20	Tỉnh Lạng Sơn	21.6229095	107.22401226391982
6637	Xã Châu Sơn	20	Tỉnh Lạng Sơn	21.4513515	107.17310652604166
664	Xã Đại Thanh	1	Thành phố Hà Nội	20.934354499999998	105.81946703662024
6652	Phường Hà Tu	22	Thành phố Quảng Ninh	20.962192	107.15442339696722
6658	Phường Cao Xanh	22	Thành phố Quảng Ninh	20.995879000000002	107.11572540865163
6661	Phường Việt Hưng	22	Thành phố Quảng Ninh	20.9947565	106.97429934379022
6673	Phường Bãi Cháy	22	Thành phố Quảng Ninh	20.9652105	107.02973999669067
6676	Phường Hà Lầm	22	Thành phố Quảng Ninh	20.9697	107.1215001239255
6685	Phường Hồng Gai	22	Thành phố Quảng Ninh	20.954863500000002	107.0782412656726
6688	Phường Hạ Long	22	Thành phố Quảng Ninh	20.9480645	107.11678200213674
6706	Phường Tuần Châu	22	Thành phố Quảng Ninh	20.970318499999998	106.92381959876825
6709	Phường Móng Cái 2	22	Thành phố Quảng Ninh	21.4229865	107.93264933741432
6712	Phường Móng Cái 1	22	Thành phố Quảng Ninh	21.4910505	107.9915491108941
6724	Xã Hải Sơn	22	Thành phố Quảng Ninh	21.605290500000002	107.81628213811189
6733	Xã Hải Ninh	22	Thành phố Quảng Ninh	21.5372825	107.8050073137255
6736	Phường Móng Cái 3	22	Thành phố Quảng Ninh	21.5359825	107.9066455571534
6757	Xã Vĩnh Thực	22	Thành phố Quảng Ninh	21.368862999999997	107.91437211818517
6760	Phường Mông Dương	22	Thành phố Quảng Ninh	21.102749	107.29744534217878
6778	Phường Quang Hanh	22	Thành phố Quảng Ninh	20.990912	107.20391956000732
6781	Phường Cửa Ông	22	Thành phố Quảng Ninh	21.0252485	107.33982333881555
679	Xã Ngọc Hồi	1	Thành phố Hà Nội	20.9123245	105.83358130841121
6793	Phường Cẩm Phả	22	Thành phố Quảng Ninh	21.019585	107.28814673518812
6799	Xã Hải Hòa	22	Thành phố Quảng Ninh	21.151208	107.3671216158281
6811	Phường Uông Bí	22	Thành phố Quảng Ninh	21.0271385	106.76326591506717
6820	Phường Vàng Danh	22	Thành phố Quảng Ninh	21.0840465	106.80369962974257
6832	Phường Yên Tử	22	Thành phố Quảng Ninh	21.0824625	106.75823990298507
6838	Xã Bình Liêu	22	Thành phố Quảng Ninh	21.5197645	107.36493694584681
6841	Xã Hoành Mô	22	Thành phố Quảng Ninh	21.585737	107.5427728185056
685	Xã Nam Phù	1	Thành phố Hà Nội	20.919003	105.88653884633399
6856	Xã Lục Hồn	22	Thành phố Quảng Ninh	21.574723	107.43175640009122
6862	Xã Tiên Yên	22	Thành phố Quảng Ninh	21.3748635	107.39046891807067
6874	Xã Điền Xá	22	Thành phố Quảng Ninh	21.439031999999997	107.29062113990771
6877	Xã Đông Ngũ	22	Thành phố Quảng Ninh	21.378599	107.45729212821803
6886	Xã Hải Lạng	22	Thành phố Quảng Ninh	21.2639275	107.39442045606327
6895	Xã Đầm Hà	22	Thành phố Quảng Ninh	21.35312	107.61328603947368
691	Phường Hà Giang 2	8	Tỉnh Tuyên Quang	22.858588	104.97340437225193
6913	Xã Quảng Tân	22	Thành phố Quảng Ninh	21.416581	107.54209048654343
6922	Xã Quảng Hà	22	Thành phố Quảng Ninh	21.446476500000003	107.73567340936593
6931	Xã Quảng Đức	22	Thành phố Quảng Ninh	21.5485035	107.70296800506446
694	Phường Hà Giang 1	8	Tỉnh Tuyên Quang	22.8078675	104.92180777247938
6946	Xã Đường Hoa	22	Thành phố Quảng Ninh	21.488712	107.63006279306488
6967	Xã Cái Chiên	22	Thành phố Quảng Ninh	21.329573	107.77689888126635
6970	Xã Ba Chẽ	22	Thành phố Quảng Ninh	21.2595575	107.25251349930167
6979	Xã Kỳ Thượng	22	Thành phố Quảng Ninh	21.256345500000002	107.12036336506748
6985	Xã Lương Minh	22	Thành phố Quảng Ninh	21.2201455	107.03264204032257
6994	Đặc khu Vân Đồn	22	Thành phố Quảng Ninh	21.1567955	107.47361475103085
70	Phường Hoàn Kiếm	1	Thành phố Hà Nội	21.032568	105.849713520743
700	Xã Ngọc Đường	8	Tỉnh Tuyên Quang	22.809815999999998	105.11413782725313
7030	Phường Hoành Bồ	22	Thành phố Quảng Ninh	21.0684895	106.9861573809301
7054	Xã Quảng La	22	Thành phố Quảng Ninh	21.100725	106.89150395276718
706	Xã Phú Linh	8	Tỉnh Tuyên Quang	22.750407000000003	105.06758222045454
7060	Xã Thống Nhất	22	Thành phố Quảng Ninh	21.061311	107.12811452963766
7069	Phường Mạo Khê	22	Thành phố Quảng Ninh	21.0649705	106.58686189765098
7081	Phường Bình Khê	22	Thành phố Quảng Ninh	21.130753	106.6297291986692
7090	Phường An Sinh	22	Thành phố Quảng Ninh	21.156264999999998	106.52581144070363
7093	Phường Đông Triều	22	Thành phố Quảng Ninh	21.0797645	106.48864444367447
7114	Phường Hoàng Quế	22	Thành phố Quảng Ninh	21.051886500000002	106.6696524236309
7132	Phường Quảng Yên	22	Thành phố Quảng Ninh	20.9422835	106.8010554390909
7135	Phường Đông Mai	22	Thành phố Quảng Ninh	20.998294	106.85197960460992
7147	Phường Hiệp Hòa	22	Thành phố Quảng Ninh	20.9701505	106.80614545383554
715	Xã Lũng Cú	8	Tỉnh Tuyên Quang	23.325661500000002	105.31140937093495
7168	Phường Hà An	22	Thành phố Quảng Ninh	20.9212865	106.89103995038087
7180	Phường Liên Hòa	22	Thành phố Quảng Ninh	20.869574	106.82208594032039
7183	Phường Phong Cốc	22	Thành phố Quảng Ninh	20.8934545	106.78606978197328
7192	Đặc khu Cô Tô	22	Thành phố Quảng Ninh	21.239186500000002	107.9636210616834
721	Xã Đồng Văn	8	Tỉnh Tuyên Quang	23.256369499999998	105.34277859909551
7210	Phường Bắc Giang	24	Thành phố Bắc Ninh	21.288014	106.22066539310903
7228	Phường Đa Mai	24	Thành phố Bắc Ninh	21.299505	106.17830960820896
7246	Xã Xuân Lương	24	Thành phố Bắc Ninh	21.581921	106.10892858452382
7264	Xã Tam Tiến	24	Thành phố Bắc Ninh	21.5013425	106.0705849109477
7282	Xã Đồng Kỳ	24	Thành phố Bắc Ninh	21.5029195	106.16491685498428
7288	Xã Yên Thế	24	Thành phố Bắc Ninh	21.4695675	106.1275975105296
7294	Xã Bố Hạ	24	Thành phố Bắc Ninh	21.458213999999998	106.21385778477853
7306	Xã Nhã Nam	24	Thành phố Bắc Ninh	21.426523500000002	106.10588024089401
733	Xã Sà Phìn	8	Tỉnh Tuyên Quang	23.2235225	105.2465030992647
7330	Xã Phúc Hòa	24	Thành phố Bắc Ninh	21.387025	106.16018733171235
7333	Xã Quang Trung	24	Thành phố Bắc Ninh	21.428915500000002	106.05499867403972
7339	Xã Tân Yên	24	Thành phố Bắc Ninh	21.367977500000002	106.12754044078949
7351	Xã Ngọc Thiện	24	Thành phố Bắc Ninh	21.3650335	106.0557944324693
7375	Xã Lạng Giang	24	Thành phố Bắc Ninh	21.3589555	106.27758617107818
7381	Xã Tiên Lục	24	Thành phố Bắc Ninh	21.4222965	106.2183096393594
7399	Xã Kép	24	Thành phố Bắc Ninh	21.4148745	106.2910873673139
7420	Xã Mỹ Thái	24	Thành phố Bắc Ninh	21.345453499999998	106.20841472936247
7432	Xã Tân Dĩnh	24	Thành phố Bắc Ninh	21.3020365	106.26063574712728
7444	Xã Lục Nam	24	Thành phố Bắc Ninh	21.3081805	106.377936578125
745	Xã Phố Bảng	8	Tỉnh Tuyên Quang	23.223073	105.16913408083832
7450	Xã Đông Phú	24	Thành phố Bắc Ninh	21.384871	106.438986821875
7462	Xã Bảo Đài	24	Thành phố Bắc Ninh	21.3523475	106.35390059466019
7486	Xã Nghĩa Phương	24	Thành phố Bắc Ninh	21.278288	106.47541165456195
7489	Xã Trường Sơn	24	Thành phố Bắc Ninh	21.251331999999998	106.5489240874233
7492	Xã Lục Sơn	24	Thành phố Bắc Ninh	21.2289305	106.62506219103193
7498	Xã Bắc Lũng	24	Thành phố Bắc Ninh	21.260130500000002	106.35030384008655
7519	Xã Cẩm Lý	24	Thành phố Bắc Ninh	21.203024499999998	106.36543525879043
7525	Phường Chũ	24	Thành phố Bắc Ninh	21.416045	106.59795718243244
7531	Xã Tân Sơn	24	Thành phố Bắc Ninh	21.570216000000002	106.61221691910569
7534	Xã Sa Lý	24	Thành phố Bắc Ninh	21.542584	106.80332638883354
7537	Xã Biên Sơn	24	Thành phố Bắc Ninh	21.4978415	106.74648566804511
7543	Xã Sơn Hải	24	Thành phố Bắc Ninh	21.509016	106.5810467163286
7552	Xã Kiên Lao	24	Thành phố Bắc Ninh	21.4435315	106.52283196370327
7573	Xã Biển Động	24	Thành phố Bắc Ninh	21.3728415	106.74548207142857
7582	Xã Lục Ngạn	24	Thành phố Bắc Ninh	21.3841875	106.67950921565495
7594	Xã Đèo Gia	24	Thành phố Bắc Ninh	21.318877999999998	106.65764530534372
7603	Xã Nam Dương	24	Thành phố Bắc Ninh	21.3157035	106.57762747692308
7612	Phường Phượng Sơn	24	Thành phố Bắc Ninh	21.3549275	106.5113733651661
7615	Xã Sơn Động	24	Thành phố Bắc Ninh	21.3334575	106.84678627439024
7616	Xã Tây Yên Tử	24	Thành phố Bắc Ninh	21.198342	106.76154226582278
7621	Xã Vân Sơn	24	Thành phố Bắc Ninh	21.400253499999998	106.9329065475601
7627	Xã Đại Sơn	24	Thành phố Bắc Ninh	21.402891500000003	106.83058550437318
763	Xã Lũng Phìn	8	Tỉnh Tuyên Quang	23.1398315	105.261309061031
7642	Xã Yên Định	24	Thành phố Bắc Ninh	21.3435815	106.7943220538123
7654	Xã An Lạc	24	Thành phố Bắc Ninh	21.3282485	106.94714844932736
7663	Xã Tuấn Đạo	24	Thành phố Bắc Ninh	21.2615455	106.77063840711509
7672	Xã Dương Hưu	24	Thành phố Bắc Ninh	21.2303745	106.91358261587389
7681	Phường Yên Dũng	24	Thành phố Bắc Ninh	21.2009985	106.20472219249869
7682	Phường Tân An	24	Thành phố Bắc Ninh	21.2398165	106.29977816360413
769	Xã Mèo Vạc	8	Tỉnh Tuyên Quang	23.1808185	105.41018725617283
7696	Phường Tiền Phong	24	Thành phố Bắc Ninh	21.237068	106.17716968782383
7699	Phường Tân Tiến	24	Thành phố Bắc Ninh	21.2502335	106.2381963823032
7735	Xã Đồng Việt	24	Thành phố Bắc Ninh	21.170415	106.29655937512268
7738	Phường Cảnh Thụy	24	Thành phố Bắc Ninh	21.1861185	106.25713787051482
7774	Phường Tự Lạn	24	Thành phố Bắc Ninh	21.306910000000002	106.05568376723242
7777	Phường Việt Yên	24	Thành phố Bắc Ninh	21.2957385	106.13166858297541
778	Xã Sơn Vĩ	8	Tỉnh Tuyên Quang	23.211529	105.4753912406367
7795	Phường Nếnh	24	Thành phố Bắc Ninh	21.234623	106.11856638636782
7798	Phường Vân Hà	24	Thành phố Bắc Ninh	21.2433105	106.06420803585468
7822	Xã Hoàng Vân	24	Thành phố Bắc Ninh	21.391042	105.97864710984095
7840	Xã Hiệp Hoà	24	Thành phố Bắc Ninh	21.316913999999997	105.99702628195489
7864	Xã Hợp Thịnh	24	Thành phố Bắc Ninh	21.3363695	105.92502335419974
787	Xã Sủng Máng	8	Tỉnh Tuyên Quang	23.157238	105.33966694256756
7870	Xã Xuân Cẩm	24	Thành phố Bắc Ninh	21.270782500000003	105.95403743055556
7894	Phường Nông Trang	25	Tỉnh Phú Thọ	21.3282005	105.36164708511954
7900	Phường Việt Trì	25	Tỉnh Phú Thọ	21.317421500000002	105.38511144651741
7909	Phường Thanh Miếu	25	Tỉnh Phú Thọ	21.294638499999998	105.43505300165381
7918	Phường Vân Phú	25	Tỉnh Phú Thọ	21.3681935	105.36773068901098
7942	Phường Phú Thọ	25	Tỉnh Phú Thọ	21.432412	105.23035330419427
7948	Phường Âu Cơ	25	Tỉnh Phú Thọ	21.393	105.2081396111903
7954	Phường Phong Châu	25	Tỉnh Phú Thọ	21.421034	105.26239982831325
7969	Xã Đoan Hùng	25	Tỉnh Phú Thọ	21.618474	105.18259273021086
7996	Xã Bằng Luân	25	Tỉnh Phú Thọ	21.6497995	105.04913139514306
7999	Xã Chí Đám	25	Tỉnh Phú Thọ	21.6749905	105.1663818622093
8	Phường Ngọc Hà	1	Thành phố Hà Nội	21.039386	105.81685718284425
802	Xã Khâu Vai	8	Tỉnh Tuyên Quang	23.1120795	105.49116646292154
8023	Xã Tây Cốc	25	Tỉnh Phú Thọ	21.625892	105.13023872666666
8038	Xã Chân Mộng	25	Tỉnh Phú Thọ	21.5570115	105.21227437117898
8053	Xã Hạ Hòa	25	Tỉnh Phú Thọ	21.5829005	105.03261397719595
8071	Xã Đan Thượng	25	Tỉnh Phú Thọ	21.632779499999998	104.97140305801793
808	Xã Tát Ngà	8	Tỉnh Tuyên Quang	23.0898905	105.38176305755395
8110	Xã Hiền Lương	25	Tỉnh Phú Thọ	21.5719615	104.94644662985075
8113	Xã Yên Kỳ	25	Tỉnh Phú Thọ	21.5582145	105.09097526113361
8134	Xã Văn Lang	25	Tỉnh Phú Thọ	21.520089	104.97974205333333
8143	Xã Vĩnh Chân	25	Tỉnh Phú Thọ	21.523167	105.04619870203399
8152	Xã Thanh Ba	25	Tỉnh Phú Thọ	21.528996999999997	105.11455579461015
817	Xã Niêm Sơn	8	Tỉnh Tuyên Quang	23.0288105	105.43470105975783
8173	Xã Quảng Yên	25	Tỉnh Phú Thọ	21.5156605	105.1676764547989
82	Phường Cửa Nam	1	Thành phố Hà Nội	21.0234605	105.85113275415975
820	Xã Yên Minh	8	Tỉnh Tuyên Quang	23.121398	105.13310074318002
8203	Xã Hoàng Cương	25	Tỉnh Phú Thọ	21.4680865	105.13218655596954
8209	Xã Đông Thành	25	Tỉnh Phú Thọ	21.453431000000002	105.19607137450964
8218	Xã Chí Tiên	25	Tỉnh Phú Thọ	21.422483	105.16620299867111
8227	Xã Liên Minh	25	Tỉnh Phú Thọ	21.360794	105.19916852053463
8230	Xã Phù Ninh	25	Tỉnh Phú Thọ	21.416482000000002	105.304089206041
8236	Xã Phú Mỹ	25	Tỉnh Phú Thọ	21.514138	105.26848458407574
8245	Xã Trạm Thản	25	Tỉnh Phú Thọ	21.481407	105.26180932158945
8254	Xã Dân Chủ	25	Tỉnh Phú Thọ	21.4735725	105.30896336340555
8275	Xã Bình Phú	25	Tỉnh Phú Thọ	21.4155225	105.3644755326871
829	Xã Thắng Mố	8	Tỉnh Tuyên Quang	23.191423999999998	105.1119505625
8290	Xã Yên Lập	25	Tỉnh Phú Thọ	21.3315965	105.08061378645833
8296	Xã Sơn Lương	25	Tỉnh Phú Thọ	21.4757365	104.93791260691263
8305	Xã Xuân Viên	25	Tỉnh Phú Thọ	21.4028195	104.98440814803095
8311	Xã Trung Sơn	25	Tỉnh Phú Thọ	21.3525285	104.94719499380952
832	Xã Bạch Đích	8	Tỉnh Tuyên Quang	23.2003225	105.01570841470419
8323	Xã Thượng Long	25	Tỉnh Phú Thọ	21.318838	105.0120329398212
8338	Xã Minh Hòa	25	Tỉnh Phú Thọ	21.257936	105.1123475934559
8341	Xã Cẩm Khê	25	Tỉnh Phú Thọ	21.4357075	105.10442654940226
8344	Xã Tiên Lương	25	Tỉnh Phú Thọ	21.4604405	105.02687712532867
8377	Xã Vân Bán	25	Tỉnh Phú Thọ	21.419539999999998	105.04090101699535
8398	Xã Phú Khê	25	Tỉnh Phú Thọ	21.3867415	105.09750454490532
8416	Xã Hùng Việt	25	Tỉnh Phú Thọ	21.361007999999998	105.14140704240282
8431	Xã Đồng Lương	25	Tỉnh Phú Thọ	21.3123115	105.15793045831028
8434	Xã Tam Nông	25	Tỉnh Phú Thọ	21.2527555	105.29294140837388
8443	Xã Hiền Quan	25	Tỉnh Phú Thọ	21.362966	105.236175934057
8467	Xã Vạn Xuân	25	Tỉnh Phú Thọ	21.3021935	105.22680135136343
847	Xã Mậu Duệ	8	Tỉnh Tuyên Quang	23.060197000000002	105.23436598409894
8479	Xã Thọ Văn	25	Tỉnh Phú Thọ	21.253303	105.2465013990448
8494	Xã Lâm Thao	25	Tỉnh Phú Thọ	21.337879	105.28320513659379
8500	Xã Xuân Lũng	25	Tỉnh Phú Thọ	21.378254	105.2818653752127
8515	Xã Hy Cương	25	Tỉnh Phú Thọ	21.3492725	105.31837843640352
8521	Xã Phùng Nguyên	25	Tỉnh Phú Thọ	21.2947205	105.29113672018599
8527	Xã Bản Nguyên	25	Tỉnh Phú Thọ	21.282179	105.3404341924734
8542	Xã Thanh Sơn	25	Tỉnh Phú Thọ	21.200903	105.20108267148015
8545	Xã Thu Cúc	25	Tỉnh Phú Thọ	21.307549	104.89050036845039
8560	Xã Lai Đồng	25	Tỉnh Phú Thọ	21.212409	104.91315819936709
8566	Xã Tân Sơn	25	Tỉnh Phú Thọ	21.243524999999998	105.01817029927008
8584	Xã Võ Miếu	25	Tỉnh Phú Thọ	21.161714500000002	105.13758169022904
859	Xã Ngọc Long	8	Tỉnh Tuyên Quang	22.990758	105.3252954219839
8590	Xã Xuân Đài	25	Tỉnh Phú Thọ	21.1084645	104.97506042660208
8593	Xã Minh Đài	25	Tỉnh Phú Thọ	21.1819025	105.06327977752628
8611	Xã Văn Miếu	25	Tỉnh Phú Thọ	21.0574845	105.17357746987025
8614	Xã Cự Đồng	25	Tỉnh Phú Thọ	21.119070999999998	105.2449520785528
8620	Xã Long Cốc	25	Tỉnh Phú Thọ	21.0962845	105.07951448268477
8632	Xã Hương Cần	25	Tỉnh Phú Thọ	21.015868	105.25743636607143
8635	Xã Khả Cửu	25	Tỉnh Phú Thọ	21.0057385	105.12113242012504
865	Xã Đường Thượng	8	Tỉnh Tuyên Quang	22.985886	105.20758667467719
8656	Xã Yên Sơn	25	Tỉnh Phú Thọ	20.966015499999997	105.3003659900139
8662	Xã Đào Xá	25	Tỉnh Phú Thọ	21.2106115	105.28709517202665
8674	Xã Thanh Thủy	25	Tỉnh Phú Thọ	21.1502365	105.26656677380606
8686	Xã Tu Vũ	25	Tỉnh Phú Thọ	21.0656895	105.27714021013799
8707	Phường Vĩnh Yên	25	Tỉnh Phú Thọ	21.2970155	105.57049255623264
871	Xã Du Già	8	Tỉnh Tuyên Quang	22.923351500000003	105.2461739848845
8716	Phường Vĩnh Phúc	25	Tỉnh Phú Thọ	21.316682	105.60485428308026
874	Xã Quản Bạ	8	Tỉnh Tuyên Quang	23.0349925	104.97644705427892
8740	Phường Phúc Yên	25	Tỉnh Phú Thọ	21.246216500000003	105.7065135750438
8746	Phường Xuân Hòa	25	Tỉnh Phú Thọ	21.3411615	105.743851875
8761	Xã Lập Thạch	25	Tỉnh Phú Thọ	21.425017500000003	105.46785597330508
8770	Xã Hợp Lý	25	Tỉnh Phú Thọ	21.493253000000003	105.46325356068311
8773	Xã Yên Lãng	25	Tỉnh Phú Thọ	21.492942499999998	105.38997658980583
8782	Xã Hải Lựu	25	Tỉnh Phú Thọ	21.462636	105.35746109236293
8788	Xã Thái Hòa	25	Tỉnh Phú Thọ	21.4550025	105.50760291628794
8812	Xã Liên Hòa	25	Tỉnh Phú Thọ	21.415167	105.51213675757576
8824	Xã Tam Sơn	25	Tỉnh Phú Thọ	21.438507	105.41731837204725
883	Xã Cán Tỷ	8	Tỉnh Tuyên Quang	23.127251	105.00658026574803
8842	Xã Tiên Lữ	25	Tỉnh Phú Thọ	21.368904	105.48149953553616
8848	Xã Sông Lô	25	Tỉnh Phú Thọ	21.375773000000002	105.42092679886792
8866	Xã Sơn Đông	25	Tỉnh Phú Thọ	21.3290955	105.46643440410959
8869	Xã Tam Dương	25	Tỉnh Phú Thọ	21.371222500000002	105.57504758286119
8872	Xã Tam Dương Bắc	25	Tỉnh Phú Thọ	21.4373595	105.58762276419421
889	Xã Nghĩa Thuận	8	Tỉnh Tuyên Quang	23.1281255	104.9242135686174
8896	Xã Hoàng An	25	Tỉnh Phú Thọ	21.3607765	105.52265421192385
8905	Xã Hội Thịnh	25	Tỉnh Phú Thọ	21.317795500000003	105.5456226706703
8911	Xã Tam Đảo	25	Tỉnh Phú Thọ	21.4035455	105.63719569867408
8914	Xã Đạo Trù	25	Tỉnh Phú Thọ	21.520887000000002	105.5523602958265
892	Xã Tùng Vài	8	Tỉnh Tuyên Quang	23.053105000000002	104.87879125080258
8923	Xã Đại Đình	25	Tỉnh Phú Thọ	21.465275	105.57075785245902
8935	Xã Bình Nguyên	25	Tỉnh Phú Thọ	21.2789205	105.65600747741937
8944	Xã Bình Tuyền	25	Tỉnh Phú Thọ	21.363968	105.68617976363637
8950	Xã Bình Xuyên	25	Tỉnh Phú Thọ	21.3430735	105.64933838785186
8971	Xã Xuân Lãng	25	Tỉnh Phú Thọ	21.2457725	105.64403672696247
8974	Xã Quang Minh	1	Thành phố Hà Nội	21.1986155	105.75333564725071
8980	Xã Yên Lãng	1	Thành phố Hà Nội	21.170886	105.66416198937887
8995	Xã Tiến Thắng	1	Thành phố Hà Nội	21.207486	105.68502494289339
901	Xã Lùng Tám	8	Tỉnh Tuyên Quang	23.012807	105.07937621014491
9022	Xã Mê Linh	1	Thành phố Hà Nội	21.146338	105.73460169518717
9025	Xã Yên Lạc	25	Tỉnh Phú Thọ	21.256090999999998	105.59157842879748
9040	Xã Tề Lỗ	25	Tỉnh Phú Thọ	21.260556	105.54657845
9043	Xã Tam Hồng	25	Tỉnh Phú Thọ	21.215442	105.56856106950045
9052	Xã Nguyệt Đức	25	Tỉnh Phú Thọ	21.201728	105.61119994357765
9064	Xã Liên Châu	25	Tỉnh Phú Thọ	21.17973	105.55796162188878
9076	Xã Vĩnh Tường	25	Tỉnh Phú Thọ	21.2280625	105.51984509257497
9079	Xã Vĩnh An	25	Tỉnh Phú Thọ	21.3067105	105.51664127794967
91	Phường Phú Thượng	1	Thành phố Hà Nội	21.084226	105.80203513283882
9100	Xã Vĩnh Hưng	25	Tỉnh Phú Thọ	21.2833325	105.48974069565216
9106	Xã Vĩnh Thành	25	Tỉnh Phú Thọ	21.264963	105.4678313973121
9112	Xã Thổ Tang	25	Tỉnh Phú Thọ	21.232762	105.48498423972603
913	Xã Vị Xuyên	8	Tỉnh Tuyên Quang	22.6859855	104.96801169
9154	Xã Vĩnh Phú	25	Tỉnh Phú Thọ	21.1925805	105.50435184011711
9169	Phường Vũ Ninh	24	Thành phố Bắc Ninh	21.1921505	106.09487541938111
9187	Phường Kinh Bắc	24	Thành phố Bắc Ninh	21.1999445	106.05021787264957
919	Xã Minh Tân	8	Tỉnh Tuyên Quang	22.969351000000003	104.91266486111112
9190	Phường Võ Cường	24	Thành phố Bắc Ninh	21.167141	106.06056030207026
9193	Xã Yên Phong	24	Thành phố Bắc Ninh	21.1962475	105.96698987443011
9202	Xã Tam Giang	24	Thành phố Bắc Ninh	21.218520499999997	105.9367998789557
9205	Xã Yên Trung	24	Thành phố Bắc Ninh	21.230192000000002	105.99420034446254
9208	Xã Tam Đa	24	Thành phố Bắc Ninh	21.212877499999998	106.0191621985398
922	Xã Thuận Hoà	8	Tỉnh Tuyên Quang	22.933962	105.01577444491797
9238	Xã Văn Môn	24	Thành phố Bắc Ninh	21.184249	105.93274900566037
9247	Phường Quế Võ	24	Thành phố Bắc Ninh	21.157337	106.168453110262
925	Xã Tùng Bá	8	Tỉnh Tuyên Quang	22.896183	105.09948386673307
9253	Phường Nhân Hòa	24	Thành phố Bắc Ninh	21.1921605	106.14060285120803
9265	Phường Phương Liễu	24	Thành phố Bắc Ninh	21.157951	106.13191339750497
928	Xã Thanh Thủy	8	Tỉnh Tuyên Quang	22.874036	104.8828129254967
9286	Phường Nam Sơn	24	Thành phố Bắc Ninh	21.149089500000002	106.10345408820922
9292	Xã Phù Lãng	24	Thành phố Bắc Ninh	21.13813	106.25443500084302
9295	Phường Bồng Lai	24	Thành phố Bắc Ninh	21.1193355	106.16069912422239
9301	Phường Đào Viên	24	Thành phố Bắc Ninh	21.134781500000003	106.22041957241697
9313	Xã Chi Lăng	24	Thành phố Bắc Ninh	21.107153500000003	106.1309068335396
9319	Xã Tiên Du	24	Thành phố Bắc Ninh	21.154784	106.01846103447798
9325	Phường Hạp Lĩnh	24	Thành phố Bắc Ninh	21.1411075	106.06582238469828
9334	Xã Liên Bão	24	Thành phố Bắc Ninh	21.122898	106.03464702373887
9340	Xã Đại Đồng	24	Thành phố Bắc Ninh	21.100538	105.99519787035035
9343	Xã Tân Chi	24	Thành phố Bắc Ninh	21.099909	106.07988318062827
9349	Xã Phật Tích	24	Thành phố Bắc Ninh	21.093026000000002	106.0471497174887
9367	Phường Từ Sơn	24	Thành phố Bắc Ninh	21.097316499999998	105.95644043165723
937	Xã Lao Chải	8	Tỉnh Tuyên Quang	22.855311	104.78203726410835
9370	Phường Tam Sơn	24	Thành phố Bắc Ninh	21.145533999999998	105.97822988270926
9379	Phường Phù Khê	24	Thành phố Bắc Ninh	21.134872	105.93249325430587
9385	Phường Đồng Nguyên	24	Thành phố Bắc Ninh	21.1334165	105.96032342082856
9400	Phường Thuận Thành	24	Thành phố Bắc Ninh	21.05052	106.08379940732759
9409	Phường Mão Điền	24	Thành phố Bắc Ninh	21.0626	106.11701716220152
9427	Phường Trí Quả	24	Thành phố Bắc Ninh	21.0483705	106.04287524178307
9430	Phường Trạm Lộ	24	Thành phố Bắc Ninh	21.012068	106.12836611449016
9433	Phường Song Liễu	24	Thành phố Bắc Ninh	21.016225	106.0292130988569
9445	Phường Ninh Xá	24	Thành phố Bắc Ninh	21.010986	106.07788207809888
9454	Xã Gia Bình	24	Thành phố Bắc Ninh	21.048564499999998	106.1777603956831
9466	Xã Cao Đức	24	Thành phố Bắc Ninh	21.090336	106.27664553435025
9469	Xã Đại Lai	24	Thành phố Bắc Ninh	21.088904499999998	106.20492913571428
9475	Xã Nhân Thắng	24	Thành phố Bắc Ninh	21.084242500000002	106.2424698540296
9487	Xã Đông Cứu	24	Thành phố Bắc Ninh	21.080751499999998	106.15345701349187
9496	Xã Lương Tài	24	Thành phố Bắc Ninh	21.032452	106.21146834792745
9499	Xã Trung Kênh	24	Thành phố Bắc Ninh	21.04466	106.28393755942278
952	Xã Cao Bồ	8	Tỉnh Tuyên Quang	22.7531375	104.88227481138725
9523	Xã Trung Chính	24	Thành phố Bắc Ninh	21.0091725	106.24224801678358
9529	Xã Lâm Thao	24	Thành phố Bắc Ninh	21.0065485	106.16388935932477
9552	Phường Kiến Hưng	1	Thành phố Hà Nội	20.954117500000002	105.7753615298354
9556	Phường Hà Đông	1	Thành phố Hà Nội	20.974245	105.77786510714286
9562	Phường Yên Nghĩa	1	Thành phố Hà Nội	20.9380855	105.73732181521119
9568	Phường Phú Lương	1	Thành phố Hà Nội	20.9385335	105.76705980555556
9574	Phường Sơn Tây	1	Thành phố Hà Nội	21.1424615	105.48714419542253
958	Xã Thượng Sơn	8	Tỉnh Tuyên Quang	22.664393	104.82746608888888
9604	Phường Tùng Thiện	1	Thành phố Hà Nội	21.122396000000002	105.45835496825396
9616	Xã Đoài Phương	1	Thành phố Hà Nội	21.0640365	105.4951240872549
9619	Xã Quảng Oai	1	Thành phố Hà Nội	21.182258500000003	105.43189628956836
9634	Xã Cổ Đô	1	Thành phố Hà Nội	21.270879	105.39789110160154
9661	Xã Minh Châu	1	Thành phố Hà Nội	21.212385	105.45200915228246
9664	Xã Vật Lại	1	Thành phố Hà Nội	21.2118725	105.37993486220395
967	Xã Việt Lâm	8	Tỉnh Tuyên Quang	22.660077	104.921701375
9676	Xã Bất Bạt	1	Thành phố Hà Nội	21.159413	105.32949141096334
9694	Xã Suối Hai	1	Thành phố Hà Nội	21.1249615	105.37396334951117
97	Phường Hồng Hà	1	Thành phố Hà Nội	21.0479885	105.85251107008344
970	Xã Linh Hồ	8	Tỉnh Tuyên Quang	22.6307125	105.0059822390244
9700	Xã Ba Vì	1	Thành phố Hà Nội	21.060042000000003	105.33836250223305
9706	Xã Yên Bài	1	Thành phố Hà Nội	21.0581495	105.4187115000856
9715	Xã Phúc Thọ	1	Thành phố Hà Nội	21.107306	105.54642471144845
9739	Xã Phúc Lộc	1	Thành phố Hà Nội	21.145387	105.57174843122272
976	Xã Bạch Ngọc	8	Tỉnh Tuyên Quang	22.5816265	105.06138291008315
9772	Xã Hát Môn	1	Thành phố Hà Nội	21.089178500000003	105.62007380689442
9784	Xã Đan Phượng	1	Thành phố Hà Nội	21.0945675	105.66846816666666
9787	Xã Liên Minh	1	Thành phố Hà Nội	21.131068999999997	105.65044585964912
9817	Xã Ô Diên	1	Thành phố Hà Nội	21.1062625	105.70970581120397
982	Xã Minh Sơn	8	Tỉnh Tuyên Quang	22.8485715	105.20811901089583
9832	Xã Hoài Đức	1	Thành phố Hà Nội	21.0613385	105.70642731591796
985	Xã Giáp Trung	8	Tỉnh Tuyên Quang	22.804755999999998	105.29105287970711
9856	Xã Dương Hòa	1	Thành phố Hà Nội	21.049216	105.67118470402843
9871	Xã Sơn Đồng	1	Thành phố Hà Nội	21.0274245	105.70935727939498
9877	Xã An Khánh	1	Thành phố Hà Nội	20.983249	105.70832624517922
9886	Phường Dương Nội	1	Thành phố Hà Nội	20.974752000000002	105.750302625
9895	Xã Quốc Oai	1	Thành phố Hà Nội	21.008449499999998	105.65242658248988
991	Xã Bắc Mê	8	Tỉnh Tuyên Quang	22.764303499999997	105.37886051841083
9910	Xã Kiều Phú	1	Thành phố Hà Nội	20.9745485	105.60237461666667
9931	Xã Hưng Đạo	1	Thành phố Hà Nội	20.9697205	105.65783929438837
994	Xã Minh Ngọc	8	Tỉnh Tuyên Quang	22.7233355	105.1920586452886
9952	Xã Phú Cát	1	Thành phố Hà Nội	20.949565999999997	105.55682954165076
9955	Xã Thạch Thất	1	Thành phố Hà Nội	21.066387	105.56201124835329
9982	Xã Hạ Bằng	1	Thành phố Hà Nội	21.016603	105.57104737611402
9988	Xã Hòa Lạc	1	Thành phố Hà Nội	21.0134725	105.50637163110258
